date,hour,day_of_week,is_weekend,month,sport,demand,crowd_pct
2026-08-11,9,1,0,8,Badminton,43,100.0
2026-05-10,13,6,1,5,Football,45,90.0
2026-03-27,8,4,0,3,Volleyball,23,100.0
2026-03-09,6,0,0,3,Badminton,25,83.3
2026-04-29,22,2,0,4,Volleyball,7,35.0
2026-07-22,12,2,0,7,Cricket,23,100.0
2026-08-27,19,3,0,8,Football,52,100.0
2026-07-29,14,2,0,7,Gym,46,100.0
2026-03-02,11,0,0,3,Cricket,13,65.0
2026-05-27,14,2,0,5,Football,31,62.0
2026-05-26,9,1,0,5,Badminton,38,100.0
2026-03-25,17,2,0,3,Gym,55,100.0
2026-08-02,14,6,1,8,Gym,48,100.0
2026-06-26,9,4,0,6,Tennis,28,100.0
2026-07-20,15,0,0,7,Gym,37,100.0
2026-08-06,17,3,0,8,Volleyball,33,100.0
2026-08-28,8,4,0,8,Badminton,42,100.0
2026-04-28,15,1,0,4,Badminton,35,100.0
2026-04-29,9,2,0,4,Tennis,31,100.0
2026-06-25,17,3,0,6,Football,50,100.0
2026-05-30,12,5,1,5,Cricket,32,100.0
2026-08-27,8,3,0,8,Volleyball,27,100.0
2026-04-13,13,0,0,4,Football,35,70.0
2026-06-06,14,5,1,6,Cricket,39,100.0
2026-07-21,13,1,0,7,Cricket,18,90.0
2026-03-15,13,6,1,3,Gym,48,100.0
2026-05-20,18,2,0,5,Basketball,41,100.0
2026-04-24,16,4,0,4,Football,32,64.0
2026-07-06,18,0,0,7,Cricket,37,100.0
2026-04-06,14,0,0,4,Football,31,62.0
2026-07-22,14,2,0,7,Cricket,22,100.0
2026-06-18,18,3,0,6,Basketball,43,100.0
2026-04-05,22,6,1,4,Tennis,18,90.0
2026-03-13,9,4,0,3,Football,42,84.0
2026-04-10,19,4,0,4,Volleyball,31,100.0
2026-06-07,18,6,1,6,Volleyball,52,100.0
2026-07-14,14,1,0,7,Volleyball,26,100.0
2026-03-03,9,1,0,3,Cricket,25,100.0
2026-05-08,16,4,0,5,Badminton,26,86.7
2026-06-20,11,5,1,6,Tennis,32,100.0
2026-05-07,22,3,0,5,Gym,29,96.7
2026-07-08,9,2,0,7,Gym,47,100.0
2026-05-16,22,5,1,5,Volleyball,10,50.0
2026-04-09,17,3,0,4,Gym,52,100.0
2026-07-17,22,4,0,7,Badminton,31,100.0
2026-05-22,21,4,0,5,Badminton,23,76.7
2026-06-01,15,0,0,6,Football,22,44.0
2026-05-01,8,4,0,5,Badminton,43,100.0
2026-07-03,8,4,0,7,Gym,45,100.0
2026-04-02,10,3,0,4,Cricket,14,70.0
2026-07-19,11,6,1,7,Basketball,40,100.0
2026-08-03,19,0,0,8,Football,53,100.0
2026-08-24,12,0,0,8,Cricket,17,85.0
2026-06-11,17,3,0,6,Tennis,48,100.0
2026-06-24,9,2,0,6,Football,35,70.0
2026-03-17,16,1,0,3,Badminton,31,100.0
2026-07-20,13,0,0,7,Volleyball,16,80.0
2026-03-02,8,0,0,3,Cricket,27,100.0
2026-03-16,13,0,0,3,Badminton,28,93.3
2026-05-24,8,6,1,5,Volleyball,20,100.0
2026-05-11,21,0,0,5,Football,30,60.0
2026-04-03,21,4,0,4,Football,34,68.0
2026-06-30,19,1,0,6,Football,46,92.0
2026-03-25,19,2,0,3,Basketball,46,100.0
2026-06-14,20,6,1,6,Gym,61,100.0
2026-03-14,9,5,1,3,Badminton,38,100.0
2026-05-26,9,1,0,5,Football,35,70.0
2026-04-18,20,5,1,4,Football,51,100.0
2026-04-16,14,3,0,4,Tennis,26,100.0
2026-03-20,20,4,0,3,Gym,63,100.0
2026-07-19,9,6,1,7,Badminton,42,100.0
2026-07-17,6,4,0,7,Badminton,34,100.0
2026-04-30,11,3,0,4,Tennis,24,100.0
2026-07-02,12,3,0,7,Gym,39,100.0
2026-03-16,11,0,0,3,Tennis,17,85.0
2026-06-08,14,0,0,6,Gym,45,100.0
2026-06-25,15,3,0,6,Tennis,28,100.0
2026-07-21,21,1,0,7,Football,25,50.0
2026-05-15,12,4,0,5,Badminton,37,100.0
2026-07-17,7,4,0,7,Cricket,22,100.0
2026-03-15,7,6,1,3,Volleyball,24,100.0
2026-07-07,22,1,0,7,Football,22,44.0
2026-07-09,8,3,0,7,Gym,39,100.0
2026-03-18,8,2,0,3,Cricket,30,100.0
2026-04-30,18,3,0,4,Badminton,54,100.0
2026-05-03,7,6,1,5,Volleyball,18,90.0
2026-06-16,22,1,0,6,Basketball,21,100.0
2026-04-22,16,2,0,4,Football,26,52.0
2026-06-10,10,2,0,6,Cricket,17,85.0
2026-05-16,20,5,1,5,Basketball,52,100.0
2026-03-19,6,3,0,3,Tennis,26,100.0
2026-07-23,9,3,0,7,Badminton,40,100.0
2026-04-24,22,4,0,4,Basketball,19,95.0
2026-05-29,8,4,0,5,Football,37,74.0
2026-05-12,11,1,0,5,Tennis,30,100.0
2026-07-18,15,5,1,7,Volleyball,34,100.0
2026-08-15,22,5,1,8,Badminton,32,100.0
2026-07-20,15,0,0,7,Cricket,8,40.0
2026-04-04,14,5,1,4,Badminton,44,100.0
2026-07-20,10,0,0,7,Basketball,21,100.0
2026-08-02,12,6,1,8,Cricket,33,100.0
2026-04-22,14,2,0,4,Volleyball,20,100.0
2026-05-04,7,0,0,5,Badminton,42,100.0
2026-06-17,14,2,0,6,Badminton,28,93.3
2026-05-25,10,0,0,5,Cricket,11,55.0
2026-04-11,20,5,1,4,Volleyball,41,100.0
2026-06-18,6,3,0,6,Badminton,23,76.7
2026-08-24,10,0,0,8,Volleyball,7,35.0
2026-06-03,10,2,0,6,Tennis,19,95.0
2026-03-11,15,2,0,3,Basketball,29,100.0
2026-03-11,17,2,0,3,Football,55,100.0
2026-05-03,9,6,1,5,Basketball,39,100.0
2026-07-22,19,2,0,7,Volleyball,41,100.0
2026-04-09,13,3,0,4,Gym,35,100.0
2026-04-15,19,2,0,4,Badminton,47,100.0
2026-05-25,19,0,0,5,Gym,60,100.0
2026-05-03,14,6,1,5,Football,55,100.0
2026-08-27,9,3,0,8,Tennis,40,100.0
2026-03-10,21,1,0,3,Football,25,50.0
2026-06-26,17,4,0,6,Basketball,53,100.0
2026-04-28,13,1,0,4,Badminton,38,100.0
2026-04-19,18,6,1,4,Basketball,59,100.0
2026-03-18,14,2,0,3,Basketball,33,100.0
2026-07-09,18,3,0,7,Cricket,43,100.0
2026-07-16,16,3,0,7,Badminton,23,76.7
2026-05-06,11,2,0,5,Volleyball,11,55.0
2026-03-10,9,1,0,3,Volleyball,23,100.0
2026-05-28,16,3,0,5,Tennis,26,100.0
2026-07-09,9,3,0,7,Tennis,36,100.0
2026-04-18,14,5,1,4,Badminton,54,100.0
2026-06-20,6,5,1,6,Volleyball,19,95.0
2026-07-16,12,3,0,7,Basketball,29,100.0
2026-03-18,16,2,0,3,Volleyball,12,60.0
2026-08-17,9,0,0,8,Cricket,21,100.0
2026-07-08,15,2,0,7,Cricket,13,65.0
2026-05-23,18,5,1,5,Cricket,49,100.0
2026-07-20,10,0,0,7,Football,28,56.0
2026-08-18,18,1,0,8,Cricket,41,100.0
2026-04-14,15,1,0,4,Tennis,25,100.0
2026-03-01,15,6,1,3,Basketball,35,100.0
2026-06-19,16,4,0,6,Tennis,24,100.0
2026-06-22,12,0,0,6,Volleyball,20,100.0
2026-04-13,8,0,0,4,Basketball,35,100.0
2026-08-17,16,0,0,8,Badminton,35,100.0
2026-04-30,15,3,0,4,Football,34,68.0
2026-04-20,10,0,0,4,Badminton,22,73.3
2026-05-02,21,5,1,5,Volleyball,20,100.0
2026-03-19,20,3,0,3,Tennis,50,100.0
2026-07-26,12,6,1,7,Cricket,39,100.0
2026-06-07,21,6,1,6,Tennis,20,100.0
2026-04-07,6,1,0,4,Gym,40,100.0
2026-03-28,19,5,1,3,Football,47,94.0
2026-08-26,22,2,0,8,Tennis,17,85.0
2026-07-21,13,1,0,7,Gym,34,100.0
2026-06-25,10,3,0,6,Gym,34,100.0
2026-08-18,22,1,0,8,Volleyball,16,80.0
2026-05-21,20,3,0,5,Volleyball,43,100.0
2026-07-08,19,2,0,7,Gym,58,100.0
2026-06-23,11,1,0,6,Cricket,20,100.0
2026-06-30,20,1,0,6,Basketball,52,100.0
2026-05-03,14,6,1,5,Gym,60,100.0
2026-07-12,21,6,1,7,Cricket,10,50.0
2026-05-10,20,6,1,5,Badminton,56,100.0
2026-05-13,13,2,0,5,Basketball,28,100.0
2026-05-21,8,3,0,5,Football,34,68.0
2026-04-29,18,2,0,4,Cricket,32,100.0
2026-08-28,12,4,0,8,Badminton,34,100.0
2026-06-13,16,5,1,6,Volleyball,29,100.0
2026-06-15,7,0,0,6,Football,45,90.0
2026-06-16,18,1,0,6,Gym,59,100.0
2026-08-26,6,2,0,8,Gym,39,100.0
2026-07-26,18,6,1,7,Tennis,55,100.0
2026-05-30,15,5,1,5,Gym,48,100.0
2026-06-16,13,1,0,6,Tennis,26,100.0
2026-05-09,19,5,1,5,Tennis,40,100.0
2026-06-08,16,0,0,6,Cricket,17,85.0
2026-06-12,11,4,0,6,Gym,34,100.0
2026-04-02,6,3,0,4,Tennis,26,100.0
2026-07-23,6,3,0,7,Badminton,32,100.0
2026-06-18,10,3,0,6,Gym,34,100.0
2026-04-16,7,3,0,4,Basketball,33,100.0
2026-05-23,12,5,1,5,Tennis,43,100.0
2026-05-26,18,1,0,5,Basketball,52,100.0
2026-06-16,14,1,0,6,Gym,34,100.0
2026-06-29,6,0,0,6,Cricket,15,75.0
2026-03-14,17,5,1,3,Football,70,100.0
2026-03-18,7,2,0,3,Gym,37,100.0
2026-05-03,12,6,1,5,Gym,48,100.0
2026-08-07,10,4,0,8,Football,24,48.0
2026-06-30,9,1,0,6,Volleyball,20,100.0
2026-06-28,14,6,1,6,Gym,53,100.0
2026-04-12,9,6,1,4,Gym,50,100.0
2026-04-11,15,5,1,4,Badminton,46,100.0
2026-03-07,15,5,1,3,Volleyball,32,100.0
2026-06-05,18,4,0,6,Cricket,33,100.0
2026-03-20,13,4,0,3,Badminton,39,100.0
2026-05-17,9,6,1,5,Gym,46,100.0
2026-03-11,17,2,0,3,Volleyball,36,100.0
2026-08-17,17,0,0,8,Badminton,53,100.0
2026-08-13,16,3,0,8,Badminton,35,100.0
2026-06-16,21,1,0,6,Badminton,28,93.3
2026-06-01,20,0,0,6,Cricket,32,100.0
2026-06-20,11,5,1,6,Cricket,30,100.0
2026-08-14,14,4,0,8,Volleyball,25,100.0
2026-07-16,21,3,0,7,Tennis,23,100.0
2026-07-30,14,3,0,7,Basketball,36,100.0
2026-05-02,8,5,1,5,Basketball,34,100.0
2026-05-02,20,5,1,5,Volleyball,39,100.0
2026-08-19,18,2,0,8,Basketball,40,100.0
2026-07-05,16,6,1,7,Football,44,88.0
2026-04-24,17,4,0,4,Gym,54,100.0
2026-05-27,14,2,0,5,Volleyball,24,100.0
2026-05-10,6,6,1,5,Volleyball,10,50.0
2026-03-22,13,6,1,3,Cricket,34,100.0
2026-07-04,13,5,1,7,Cricket,35,100.0
2026-08-13,21,3,0,8,Tennis,29,100.0
2026-03-05,8,3,0,3,Basketball,30,100.0
2026-06-12,13,4,0,6,Basketball,33,100.0
2026-07-27,17,0,0,7,Tennis,48,100.0
2026-07-14,17,1,0,7,Tennis,51,100.0
2026-07-19,16,6,1,7,Basketball,43,100.0
2026-06-25,14,3,0,6,Basketball,27,100.0
2026-04-29,9,2,0,4,Cricket,20,100.0
2026-05-20,9,2,0,5,Cricket,25,100.0
2026-08-24,11,0,0,8,Football,25,50.0
2026-07-02,14,3,0,7,Cricket,22,100.0
2026-07-13,15,0,0,7,Badminton,35,100.0
2026-04-19,15,6,1,4,Football,42,84.0
2026-04-15,15,2,0,4,Badminton,33,100.0
2026-07-15,10,2,0,7,Basketball,17,85.0
2026-03-14,15,5,1,3,Cricket,24,100.0
2026-08-11,21,1,0,8,Badminton,35,100.0
2026-03-04,15,2,0,3,Tennis,24,100.0
2026-06-21,16,6,1,6,Football,37,74.0
2026-05-04,21,0,0,5,Badminton,35,100.0
2026-03-17,18,1,0,3,Tennis,41,100.0
2026-07-26,7,6,1,7,Football,34,68.0
2026-07-23,15,3,0,7,Badminton,25,83.3
2026-03-31,19,1,0,3,Volleyball,39,100.0
2026-08-06,13,3,0,8,Gym,41,100.0
2026-06-06,20,5,1,6,Tennis,44,100.0
2026-07-29,19,2,0,7,Basketball,49,100.0
2026-08-06,7,3,0,8,Volleyball,28,100.0
2026-03-26,12,3,0,3,Cricket,16,80.0
2026-05-07,8,3,0,5,Football,35,70.0
2026-04-14,8,1,0,4,Football,32,64.0
2026-06-13,20,5,1,6,Cricket,39,100.0
2026-06-29,15,0,0,6,Badminton,25,83.3
2026-05-13,15,2,0,5,Cricket,20,100.0
2026-06-25,8,3,0,6,Cricket,20,100.0
2026-05-07,12,3,0,5,Tennis,24,100.0
2026-07-18,13,5,1,7,Cricket,30,100.0
2026-05-08,10,4,0,5,Badminton,22,73.3
2026-04-12,15,6,1,4,Volleyball,33,100.0
2026-07-24,15,4,0,7,Tennis,18,90.0
2026-06-28,15,6,1,6,Cricket,28,100.0
2026-05-09,22,5,1,5,Volleyball,14,70.0
2026-06-21,8,6,1,6,Volleyball,17,85.0
2026-06-19,16,4,0,6,Volleyball,11,55.0
2026-03-07,8,5,1,3,Football,42,84.0
2026-07-26,6,6,1,7,Gym,37,100.0
2026-05-08,7,4,0,5,Gym,49,100.0
2026-04-14,21,1,0,4,Volleyball,17,85.0
2026-06-22,14,0,0,6,Football,37,74.0
2026-06-20,21,5,1,6,Badminton,29,96.7
2026-05-29,19,4,0,5,Basketball,45,100.0
2026-08-19,9,2,0,8,Gym,39,100.0
2026-05-24,19,6,1,5,Cricket,37,100.0
2026-05-13,18,2,0,5,Gym,62,100.0
2026-07-19,7,6,1,7,Tennis,28,100.0
2026-05-20,14,2,0,5,Basketball,24,100.0
2026-06-12,22,4,0,6,Gym,27,90.0
2026-08-16,20,6,1,8,Tennis,40,100.0
2026-04-18,22,5,1,4,Basketball,26,100.0
2026-07-06,20,0,0,7,Gym,50,100.0
2026-04-22,14,2,0,4,Volleyball,15,75.0
2026-05-13,20,2,0,5,Cricket,37,100.0
2026-04-01,6,2,0,4,Cricket,16,80.0
2026-05-01,11,4,0,5,Basketball,25,100.0
2026-03-04,19,2,0,3,Badminton,48,100.0
2026-03-30,20,0,0,3,Badminton,55,100.0
2026-04-09,21,3,0,4,Cricket,11,55.0
2026-07-09,14,3,0,7,Tennis,36,100.0
2026-07-02,21,3,0,7,Football,29,58.0
2026-07-20,10,0,0,7,Tennis,20,100.0
2026-08-01,22,5,1,8,Cricket,9,45.0
2026-03-18,14,2,0,3,Gym,45,100.0
2026-06-15,16,0,0,6,Gym,35,100.0
2026-05-08,6,4,0,5,Basketball,28,100.0
2026-05-16,21,5,1,5,Gym,29,96.7
2026-06-23,21,1,0,6,Basketball,22,100.0
2026-07-20,18,0,0,7,Tennis,45,100.0
2026-04-18,13,5,1,4,Volleyball,34,100.0
2026-04-29,19,2,0,4,Badminton,50,100.0
2026-06-30,18,1,0,6,Tennis,50,100.0
2026-08-14,10,4,0,8,Tennis,17,85.0
2026-04-02,22,3,0,4,Volleyball,12,60.0
2026-03-26,20,3,0,3,Badminton,53,100.0
2026-06-25,6,3,0,6,Cricket,9,45.0
2026-06-13,10,5,1,6,Badminton,44,100.0
2026-05-07,16,3,0,5,Volleyball,18,90.0
2026-06-10,8,2,0,6,Gym,42,100.0
2026-08-20,18,3,0,8,Basketball,50,100.0
2026-07-03,7,4,0,7,Volleyball,18,90.0
2026-04-30,15,3,0,4,Football,33,66.0
2026-03-24,19,1,0,3,Badminton,57,100.0
2026-08-10,9,0,0,8,Tennis,29,100.0
2026-08-25,15,1,0,8,Badminton,22,73.3
2026-05-23,7,5,1,5,Basketball,32,100.0
2026-06-04,19,3,0,6,Football,48,96.0
2026-07-14,19,1,0,7,Volleyball,40,100.0
2026-04-16,11,3,0,4,Football,23,46.0
2026-08-04,18,1,0,8,Volleyball,40,100.0
2026-05-01,21,4,0,5,Volleyball,9,45.0
2026-04-29,20,2,0,4,Cricket,34,100.0
2026-06-26,14,4,0,6,Cricket,13,65.0
2026-06-28,15,6,1,6,Cricket,30,100.0
2026-04-10,8,4,0,4,Tennis,32,100.0
2026-07-29,15,2,0,7,Cricket,13,65.0
2026-08-24,14,0,0,8,Tennis,36,100.0
2026-05-17,12,6,1,5,Tennis,51,100.0
2026-07-02,9,3,0,7,Football,38,76.0
2026-07-25,17,5,1,7,Volleyball,49,100.0
2026-08-27,15,3,0,8,Badminton,35,100.0
2026-08-16,18,6,1,8,Basketball,55,100.0
2026-07-23,7,3,0,7,Volleyball,28,100.0
2026-07-06,15,0,0,7,Gym,39,100.0
2026-04-28,17,1,0,4,Football,55,100.0
2026-04-18,14,5,1,4,Cricket,40,100.0
2026-08-16,10,6,1,8,Cricket,23,100.0
2026-08-08,7,5,1,8,Basketball,39,100.0
2026-06-21,7,6,1,6,Volleyball,22,100.0
2026-04-03,8,4,0,4,Basketball,32,100.0
2026-06-15,11,0,0,6,Football,24,48.0
2026-07-17,17,4,0,7,Volleyball,38,100.0
2026-05-09,11,5,1,5,Basketball,45,100.0
2026-07-02,15,3,0,7,Cricket,20,100.0
2026-05-26,9,1,0,5,Tennis,28,100.0
2026-04-06,13,0,0,4,Gym,43,100.0
2026-08-20,18,3,0,8,Gym,62,100.0
2026-07-21,17,1,0,7,Badminton,57,100.0
2026-06-10,6,2,0,6,Basketball,25,100.0
2026-04-01,20,2,0,4,Basketball,50,100.0
2026-08-20,14,3,0,8,Volleyball,19,95.0
2026-08-11,17,1,0,8,Badminton,55,100.0
2026-04-29,21,2,0,4,Badminton,31,100.0
2026-07-22,16,2,0,7,Volleyball,10,50.0
2026-08-13,8,3,0,8,Cricket,30,100.0
2026-06-27,15,5,1,6,Cricket,28,100.0
2026-03-30,10,0,0,3,Badminton,22,73.3
2026-05-17,21,6,1,5,Badminton,23,76.7
2026-04-30,10,3,0,4,Tennis,24,100.0
2026-06-03,19,2,0,6,Volleyball,41,100.0
2026-04-09,19,3,0,4,Cricket,31,100.0
2026-07-04,19,5,1,7,Basketball,40,100.0
2026-08-24,17,0,0,8,Football,52,100.0
2026-06-22,13,0,0,6,Gym,38,100.0
2026-03-26,17,3,0,3,Volleyball,40,100.0
2026-05-31,7,6,1,5,Tennis,31,100.0
2026-04-18,9,5,1,4,Gym,50,100.0
2026-06-25,8,3,0,6,Cricket,20,100.0
2026-08-12,6,2,0,8,Badminton,34,100.0
2026-05-25,13,0,0,5,Football,40,80.0
2026-07-23,12,3,0,7,Badminton,41,100.0
2026-07-20,12,0,0,7,Volleyball,16,80.0
2026-04-29,16,2,0,4,Gym,29,96.7
2026-07-31,6,4,0,7,Basketball,30,100.0
2026-04-07,10,1,0,4,Volleyball,11,55.0
2026-04-14,9,1,0,4,Cricket,30,100.0
2026-03-07,10,5,1,3,Badminton,42,100.0
2026-04-30,16,3,0,4,Badminton,24,80.0
2026-05-07,7,3,0,5,Football,43,86.0
2026-06-16,22,1,0,6,Badminton,33,100.0
2026-03-17,21,1,0,3,Tennis,29,100.0
2026-06-01,22,0,0,6,Volleyball,8,40.0
2026-06-24,22,2,0,6,Football,31,62.0
2026-03-12,22,3,0,3,Basketball,24,100.0
2026-08-12,6,2,0,8,Badminton,29,96.7
2026-06-11,19,3,0,6,Cricket,31,100.0
2026-07-04,20,5,1,7,Badminton,46,100.0
2026-05-22,10,4,0,5,Badminton,24,80.0
2026-05-10,16,6,1,5,Tennis,41,100.0
2026-07-14,15,1,0,7,Tennis,25,100.0
2026-08-02,19,6,1,8,Badminton,57,100.0
2026-08-27,9,3,0,8,Gym,47,100.0
2026-08-14,12,4,0,8,Tennis,30,100.0
2026-04-28,19,1,0,4,Basketball,53,100.0
2026-06-25,18,3,0,6,Tennis,51,100.0
2026-03-25,16,2,0,3,Tennis,22,100.0
2026-08-18,14,1,0,8,Basketball,25,100.0
2026-08-23,21,6,1,8,Badminton,23,76.7
2026-03-22,8,6,1,3,Tennis,28,100.0
2026-06-04,10,3,0,6,Volleyball,7,35.0
2026-07-29,16,2,0,7,Cricket,8,40.0
2026-06-14,17,6,1,6,Gym,75,100.0
2026-06-17,7,2,0,6,Basketball,36,100.0
2026-05-19,17,1,0,5,Badminton,54,100.0
2026-07-08,12,2,0,7,Football,38,76.0
2026-07-02,13,3,0,7,Gym,34,100.0
2026-05-29,17,4,0,5,Badminton,57,100.0
2026-05-11,13,0,0,5,Gym,39,100.0
2026-07-22,6,2,0,7,Volleyball,17,85.0
2026-08-25,14,1,0,8,Badminton,30,100.0
2026-05-09,15,5,1,5,Basketball,37,100.0
2026-03-02,11,0,0,3,Gym,29,96.7
2026-07-23,18,3,0,7,Badminton,47,100.0
2026-08-10,6,0,0,8,Badminton,33,100.0
2026-07-14,12,1,0,7,Tennis,29,100.0
2026-06-25,16,3,0,6,Football,27,54.0
2026-05-19,16,1,0,5,Gym,36,100.0
2026-07-31,8,4,0,7,Badminton,34,100.0
2026-04-10,7,4,0,4,Cricket,18,90.0
2026-05-09,20,5,1,5,Cricket,36,100.0
2026-07-03,20,4,0,7,Tennis,44,100.0
2026-04-25,22,5,1,4,Badminton,27,90.0
2026-06-19,9,4,0,6,Basketball,37,100.0
2026-08-21,21,4,0,8,Volleyball,17,85.0
2026-05-18,7,0,0,5,Football,38,76.0
2026-08-01,7,5,1,8,Badminton,35,100.0
2026-05-17,12,6,1,5,Gym,50,100.0
2026-05-05,15,1,0,5,Basketball,18,90.0
2026-03-02,21,0,0,3,Cricket,13,65.0
2026-04-14,10,1,0,4,Tennis,25,100.0
2026-08-28,13,4,0,8,Volleyball,21,100.0
2026-08-19,17,2,0,8,Badminton,51,100.0
2026-03-11,19,2,0,3,Badminton,52,100.0
2026-03-20,16,4,0,3,Volleyball,13,65.0
2026-07-25,18,5,1,7,Cricket,55,100.0
2026-06-15,15,0,0,6,Badminton,28,93.3
2026-03-06,16,4,0,3,Football,34,68.0
2026-08-06,20,3,0,8,Gym,61,100.0
2026-06-01,8,0,0,6,Tennis,40,100.0
2026-03-28,13,5,1,3,Tennis,47,100.0
2026-06-11,22,3,0,6,Badminton,28,93.3
2026-05-19,16,1,0,5,Football,27,54.0
2026-04-13,8,0,0,4,Volleyball,27,100.0
2026-03-30,22,0,0,3,Volleyball,10,50.0
2026-05-29,17,4,0,5,Cricket,43,100.0
2026-08-13,10,3,0,8,Football,23,46.0
2026-04-07,14,1,0,4,Football,30,60.0
2026-08-02,10,6,1,8,Gym,54,100.0
2026-08-15,8,5,1,8,Football,44,88.0
2026-08-08,21,5,1,8,Tennis,29,100.0
2026-07-23,20,3,0,7,Cricket,39,100.0
2026-08-12,16,2,0,8,Gym,37,100.0
2026-05-20,10,2,0,5,Tennis,18,90.0
2026-06-29,20,0,0,6,Cricket,34,100.0
2026-05-10,7,6,1,5,Basketball,35,100.0
2026-03-19,15,3,0,3,Tennis,24,100.0
2026-03-10,7,1,0,3,Basketball,40,100.0
2026-05-13,8,2,0,5,Cricket,30,100.0
2026-03-24,22,1,0,3,Tennis,24,100.0
2026-07-27,7,0,0,7,Tennis,39,100.0
2026-07-25,12,5,1,7,Basketball,47,100.0
2026-06-30,22,1,0,6,Football,22,44.0
2026-06-24,9,2,0,6,Gym,50,100.0
2026-05-27,8,2,0,5,Volleyball,27,100.0
2026-04-14,7,1,0,4,Football,43,86.0
2026-06-21,20,6,1,6,Volleyball,38,100.0
2026-08-04,11,1,0,8,Basketball,22,100.0
2026-05-12,18,1,0,5,Tennis,52,100.0
2026-05-26,7,1,0,5,Gym,47,100.0
2026-08-13,16,3,0,8,Badminton,27,90.0
2026-03-25,18,2,0,3,Basketball,44,100.0
2026-08-16,10,6,1,8,Basketball,33,100.0
2026-07-28,10,1,0,7,Basketball,21,100.0
2026-08-15,18,5,1,8,Football,69,100.0
2026-03-22,15,6,1,3,Volleyball,28,100.0
2026-08-12,16,2,0,8,Gym,29,96.7
2026-08-19,22,2,0,8,Badminton,32,100.0
2026-08-19,19,2,0,8,Volleyball,35,100.0
2026-03-05,17,3,0,3,Basketball,42,100.0
2026-04-24,16,4,0,4,Gym,34,100.0
2026-04-19,13,6,1,4,Football,45,90.0
2026-03-20,15,4,0,3,Gym,39,100.0
2026-03-26,22,3,0,3,Gym,35,100.0
2026-07-13,7,0,0,7,Cricket,22,100.0
2026-08-06,10,3,0,8,Volleyball,13,65.0
2026-04-09,11,3,0,4,Football,35,70.0
2026-08-25,11,1,0,8,Cricket,14,70.0
2026-03-12,19,3,0,3,Basketball,50,100.0
2026-04-30,20,3,0,4,Volleyball,34,100.0
2026-06-23,13,1,0,6,Volleyball,16,80.0
2026-05-19,21,1,0,5,Gym,30,100.0
2026-06-03,20,2,0,6,Tennis,52,100.0
2026-05-12,18,1,0,5,Volleyball,38,100.0
2026-06-16,11,1,0,6,Gym,30,100.0
2026-08-02,10,6,1,8,Gym,46,100.0
2026-03-14,21,5,1,3,Gym,32,100.0
2026-07-20,9,0,0,7,Cricket,30,100.0
2026-07-11,9,5,1,7,Basketball,28,100.0
2026-04-11,14,5,1,4,Tennis,46,100.0
2026-04-07,19,1,0,4,Badminton,48,100.0
2026-06-24,17,2,0,6,Badminton,51,100.0
2026-03-14,18,5,1,3,Volleyball,50,100.0
2026-04-30,18,3,0,4,Badminton,50,100.0
2026-04-27,6,0,0,4,Basketball,18,90.0
2026-08-14,16,4,0,8,Gym,29,96.7
2026-04-05,7,6,1,4,Basketball,40,100.0
2026-06-29,10,0,0,6,Gym,38,100.0
2026-06-29,20,0,0,6,Volleyball,30,100.0
2026-03-21,6,5,1,3,Basketball,20,100.0
2026-04-08,22,2,0,4,Tennis,18,90.0
2026-05-13,13,2,0,5,Basketball,24,100.0
2026-03-13,13,4,0,3,Tennis,33,100.0
2026-08-07,20,4,0,8,Badminton,46,100.0
2026-07-06,6,0,0,7,Cricket,15,75.0
2026-07-26,13,6,1,7,Cricket,30,100.0
2026-05-14,19,3,0,5,Badminton,54,100.0
2026-05-30,13,5,1,5,Volleyball,34,100.0
2026-04-17,8,4,0,4,Volleyball,22,100.0
2026-03-18,22,2,0,3,Volleyball,15,75.0
2026-07-08,6,2,0,7,Tennis,30,100.0
2026-06-29,7,0,0,6,Cricket,23,100.0
2026-06-04,14,3,0,6,Cricket,13,65.0
2026-05-31,8,6,1,5,Basketball,30,100.0
2026-08-16,9,6,1,8,Gym,46,100.0
2026-05-25,10,0,0,5,Badminton,27,90.0
2026-07-18,16,5,1,7,Gym,52,100.0
2026-04-14,20,1,0,4,Cricket,37,100.0
2026-08-09,11,6,1,8,Gym,44,100.0
2026-03-17,20,1,0,3,Badminton,49,100.0
2026-04-21,7,1,0,4,Gym,40,100.0
2026-03-11,16,2,0,3,Basketball,25,100.0
2026-06-10,21,2,0,6,Basketball,17,85.0
2026-08-13,12,3,0,8,Basketball,28,100.0
2026-03-13,16,4,0,3,Basketball,18,90.0
2026-06-03,19,2,0,6,Tennis,51,100.0
2026-06-21,18,6,1,6,Basketball,57,100.0
2026-07-06,21,0,0,7,Basketball,29,100.0
2026-07-11,14,5,1,7,Gym,49,100.0
2026-06-17,8,2,0,6,Tennis,36,100.0
2026-04-16,15,3,0,4,Basketball,18,90.0
2026-03-21,16,5,1,3,Cricket,26,100.0
2026-05-18,20,0,0,5,Volleyball,41,100.0
2026-06-18,11,3,0,6,Cricket,14,70.0
2026-05-29,20,4,0,5,Badminton,56,100.0
2026-05-30,19,5,1,5,Basketball,50,100.0
2026-03-15,8,6,1,3,Cricket,27,100.0
2026-06-12,17,4,0,6,Volleyball,42,100.0
2026-08-21,11,4,0,8,Badminton,24,80.0
2026-08-03,20,0,0,8,Badminton,47,100.0
2026-03-18,13,2,0,3,Gym,43,100.0
2026-06-02,17,1,0,6,Tennis,49,100.0
2026-03-09,10,0,0,3,Cricket,14,70.0
2026-06-03,17,2,0,6,Tennis,52,100.0
2026-03-20,10,4,0,3,Volleyball,12,60.0
2026-06-10,16,2,0,6,Cricket,11,55.0
2026-05-03,9,6,1,5,Badminton,43,100.0
2026-04-17,21,4,0,4,Volleyball,13,65.0
2026-07-22,9,2,0,7,Basketball,39,100.0
2026-05-06,20,2,0,5,Football,54,100.0
2026-05-13,21,2,0,5,Football,23,46.0
2026-04-04,8,5,1,4,Tennis,29,100.0
2026-06-22,8,0,0,6,Gym,47,100.0
2026-05-21,17,3,0,5,Cricket,31,100.0
2026-07-19,15,6,1,7,Basketball,45,100.0
2026-04-10,11,4,0,4,Gym,32,100.0
2026-07-09,13,3,0,7,Badminton,31,100.0
2026-04-05,13,6,1,4,Gym,55,100.0
2026-03-07,17,5,1,3,Volleyball,54,100.0
2026-06-03,20,2,0,6,Gym,58,100.0
2026-04-03,8,4,0,4,Badminton,36,100.0
2026-06-10,21,2,0,6,Volleyball,13,65.0
2026-06-13,8,5,1,6,Football,37,74.0
2026-08-12,8,2,0,8,Tennis,34,100.0
2026-08-22,22,5,1,8,Basketball,19,95.0
2026-07-20,11,0,0,7,Gym,29,96.7
2026-06-19,22,4,0,6,Gym,27,90.0
2026-04-01,22,2,0,4,Football,26,52.0
2026-04-12,11,6,1,4,Basketball,43,100.0
2026-04-27,17,0,0,4,Volleyball,34,100.0
2026-03-21,14,5,1,3,Football,53,100.0
2026-07-20,14,0,0,7,Football,38,76.0
2026-05-17,8,6,1,5,Volleyball,27,100.0
2026-04-13,10,0,0,4,Football,32,64.0
2026-08-07,16,4,0,8,Gym,36,100.0
2026-03-11,6,2,0,3,Badminton,22,73.3
2026-08-12,14,2,0,8,Cricket,16,80.0
2026-07-25,19,5,1,7,Volleyball,40,100.0
2026-03-08,21,6,1,3,Cricket,15,75.0
2026-05-14,15,3,0,5,Tennis,20,100.0
2026-08-23,18,6,1,8,Basketball,62,100.0
2026-03-19,7,3,0,3,Football,39,78.0
2026-06-15,21,0,0,6,Tennis,20,100.0
2026-05-27,10,2,0,5,Basketball,30,100.0
2026-05-21,17,3,0,5,Tennis,42,100.0
2026-06-03,22,2,0,6,Volleyball,8,40.0
2026-05-21,13,3,0,5,Tennis,24,100.0
2026-05-08,20,4,0,5,Football,47,94.0
2026-03-25,7,2,0,3,Basketball,33,100.0
2026-08-05,19,2,0,8,Football,58,100.0
2026-04-10,16,4,0,4,Volleyball,18,90.0
2026-05-20,12,2,0,5,Gym,35,100.0
2026-07-06,22,0,0,7,Tennis,24,100.0
2026-05-18,21,0,0,5,Badminton,23,76.7
2026-06-09,22,1,0,6,Tennis,20,100.0
2026-04-25,17,5,1,4,Badminton,60,100.0
2026-05-12,21,1,0,5,Volleyball,20,100.0
2026-08-15,21,5,1,8,Basketball,25,100.0
2026-03-03,9,1,0,3,Tennis,29,100.0
2026-05-07,17,3,0,5,Gym,56,100.0
2026-06-02,7,1,0,6,Tennis,27,100.0
2026-07-24,12,4,0,7,Basketball,31,100.0
2026-05-13,8,2,0,5,Tennis,35,100.0
2026-06-24,14,2,0,6,Gym,42,100.0
2026-08-22,9,5,1,8,Football,33,66.0
2026-06-09,17,1,0,6,Gym,55,100.0
2026-07-21,17,1,0,7,Gym,52,100.0
2026-04-20,22,0,0,4,Tennis,25,100.0
2026-03-11,7,2,0,3,Badminton,34,100.0
2026-05-25,21,0,0,5,Volleyball,14,70.0
2026-04-08,22,2,0,4,Football,27,54.0
2026-08-04,16,1,0,8,Football,28,56.0
2026-08-05,15,2,0,8,Volleyball,12,60.0
2026-07-08,22,2,0,7,Volleyball,14,70.0
2026-07-23,15,3,0,7,Tennis,30,100.0
2026-03-05,17,3,0,3,Basketball,50,100.0
2026-03-29,19,6,1,3,Volleyball,34,100.0
2026-08-24,6,0,0,8,Volleyball,14,70.0
2026-05-07,13,3,0,5,Cricket,13,65.0
2026-07-28,21,1,0,7,Football,30,60.0
2026-08-09,18,6,1,8,Football,73,100.0
2026-08-22,13,5,1,8,Badminton,52,100.0
2026-08-27,9,3,0,8,Football,32,64.0
2026-06-21,16,6,1,6,Tennis,34,100.0
2026-06-14,12,6,1,6,Tennis,46,100.0
2026-08-04,21,1,0,8,Gym,40,100.0
2026-03-16,10,0,0,3,Volleyball,10,50.0
2026-07-22,16,2,0,7,Cricket,14,70.0
2026-07-13,18,0,0,7,Basketball,42,100.0
2026-06-26,16,4,0,6,Volleyball,12,60.0
2026-08-21,14,4,0,8,Volleyball,20,100.0
2026-04-19,13,6,1,4,Basketball,46,100.0
2026-05-16,13,5,1,5,Basketball,50,100.0
2026-05-13,12,2,0,5,Cricket,24,100.0
2026-07-04,16,5,1,7,Tennis,37,100.0
2026-07-22,14,2,0,7,Basketball,24,100.0
2026-07-25,18,5,1,7,Tennis,68,100.0
2026-05-28,10,3,0,5,Basketball,17,85.0
2026-05-13,8,2,0,5,Basketball,34,100.0
2026-08-15,14,5,1,8,Cricket,35,100.0
2026-04-24,12,4,0,4,Gym,41,100.0
2026-05-09,14,5,1,5,Football,44,88.0
2026-08-05,13,2,0,8,Football,28,56.0
2026-08-19,22,2,0,8,Football,32,64.0
2026-04-29,7,2,0,4,Badminton,38,100.0
2026-05-24,21,6,1,5,Badminton,32,100.0
2026-04-05,6,6,1,4,Volleyball,9,45.0
2026-06-13,21,5,1,6,Tennis,27,100.0
2026-04-21,15,1,0,4,Basketball,21,100.0
2026-08-13,7,3,0,8,Gym,38,100.0
2026-08-14,13,4,0,8,Volleyball,24,100.0
2026-03-10,11,1,0,3,Tennis,30,100.0
2026-04-15,7,2,0,4,Gym,43,100.0
2026-07-05,11,6,1,7,Cricket,35,100.0
2026-05-14,7,3,0,5,Badminton,36,100.0
2026-07-24,9,4,0,7,Basketball,31,100.0
2026-06-25,22,3,0,6,Tennis,19,95.0
2026-07-08,20,2,0,7,Basketball,43,100.0
2026-03-29,16,6,1,3,Football,48,96.0
2026-06-26,14,4,0,6,Cricket,15,75.0
2026-03-04,16,2,0,3,Gym,31,100.0
2026-07-24,12,4,0,7,Football,37,74.0
2026-08-11,18,1,0,8,Gym,56,100.0
2026-07-10,16,4,0,7,Badminton,28,93.3
2026-08-19,9,2,0,8,Football,34,68.0
2026-07-01,16,2,0,7,Football,22,44.0
2026-05-06,18,2,0,5,Football,52,100.0
2026-05-08,16,4,0,5,Basketball,26,100.0
2026-07-25,6,5,1,7,Basketball,27,100.0
2026-06-01,13,0,0,6,Badminton,38,100.0
2026-03-31,20,1,0,3,Basketball,42,100.0
2026-06-12,22,4,0,6,Cricket,19,95.0
2026-05-19,9,1,0,5,Cricket,21,100.0
2026-06-03,13,2,0,6,Football,30,60.0
2026-07-01,10,2,0,7,Tennis,28,100.0
2026-08-03,17,0,0,8,Tennis,51,100.0
2026-07-19,21,6,1,7,Gym,35,100.0
2026-08-18,12,1,0,8,Gym,36,100.0
2026-08-22,8,5,1,8,Volleyball,24,100.0
2026-07-14,17,1,0,7,Badminton,54,100.0
2026-03-29,7,6,1,3,Gym,45,100.0
2026-07-08,12,2,0,7,Volleyball,21,100.0
2026-04-08,11,2,0,4,Basketball,30,100.0
2026-07-12,20,6,1,7,Badminton,55,100.0
2026-04-22,21,2,0,4,Badminton,30,100.0
2026-06-23,7,1,0,6,Tennis,29,100.0
2026-07-10,19,4,0,7,Tennis,49,100.0
2026-03-15,20,6,1,3,Cricket,42,100.0
2026-05-18,6,0,0,5,Tennis,21,100.0
2026-03-01,12,6,1,3,Volleyball,29,100.0
2026-03-12,19,3,0,3,Basketball,51,100.0
2026-03-17,7,1,0,3,Badminton,39,100.0
2026-03-09,15,0,0,3,Tennis,19,95.0
2026-04-04,19,5,1,4,Basketball,46,100.0
2026-06-23,18,1,0,6,Tennis,41,100.0
2026-08-22,10,5,1,8,Cricket,35,100.0
2026-05-29,9,4,0,5,Football,40,80.0
2026-06-09,22,1,0,6,Football,33,66.0
2026-04-27,6,0,0,4,Gym,27,90.0
2026-05-16,20,5,1,5,Cricket,41,100.0
2026-07-18,19,5,1,7,Volleyball,36,100.0
2026-04-28,13,1,0,4,Tennis,28,100.0
2026-04-09,14,3,0,4,Football,39,78.0
2026-03-29,7,6,1,3,Gym,47,100.0
2026-06-16,6,1,0,6,Football,25,50.0
2026-03-18,9,2,0,3,Volleyball,17,85.0
2026-06-23,7,1,0,6,Football,43,86.0
2026-03-12,18,3,0,3,Tennis,43,100.0
2026-07-17,12,4,0,7,Gym,46,100.0
2026-03-15,10,6,1,3,Volleyball,26,100.0
2026-04-29,16,2,0,4,Volleyball,16,80.0
2026-08-20,16,3,0,8,Football,26,52.0
2026-04-06,22,0,0,4,Football,28,56.0
2026-05-16,14,5,1,5,Badminton,51,100.0
2026-07-30,11,3,0,7,Cricket,17,85.0
2026-06-18,21,3,0,6,Badminton,27,90.0
2026-08-12,18,2,0,8,Gym,58,100.0
2026-05-21,19,3,0,5,Tennis,42,100.0
2026-05-16,18,5,1,5,Football,72,100.0
2026-07-16,21,3,0,7,Football,35,70.0
2026-04-27,15,0,0,4,Gym,38,100.0
2026-04-06,20,0,0,4,Badminton,53,100.0
2026-06-14,19,6,1,6,Volleyball,38,100.0
2026-04-04,18,5,1,4,Football,64,100.0
2026-04-22,16,2,0,4,Cricket,8,40.0
2026-06-24,17,2,0,6,Badminton,53,100.0
2026-04-18,7,5,1,4,Basketball,33,100.0
2026-08-20,7,3,0,8,Gym,38,100.0
2026-04-18,12,5,1,4,Tennis,41,100.0
2026-05-25,15,0,0,5,Badminton,25,83.3
2026-04-18,9,5,1,4,Cricket,29,100.0
2026-07-01,13,2,0,7,Cricket,22,100.0
2026-08-28,12,4,0,8,Tennis,26,100.0
2026-07-20,16,0,0,7,Gym,31,100.0
2026-06-06,20,5,1,6,Volleyball,40,100.0
2026-05-31,15,6,1,5,Basketball,37,100.0
2026-07-10,21,4,0,7,Tennis,18,90.0
2026-06-29,16,0,0,6,Football,27,54.0
2026-05-20,19,2,0,5,Badminton,54,100.0
2026-04-26,10,6,1,4,Badminton,41,100.0
2026-07-20,19,0,0,7,Basketball,42,100.0
2026-04-20,16,0,0,4,Football,28,56.0
2026-07-24,13,4,0,7,Tennis,31,100.0
2026-08-15,16,5,1,8,Basketball,44,100.0
2026-07-04,21,5,1,7,Tennis,19,95.0
2026-05-30,11,5,1,5,Football,48,96.0
2026-07-18,21,5,1,7,Football,30,60.0
2026-08-12,7,2,0,8,Volleyball,17,85.0
2026-03-20,7,4,0,3,Gym,37,100.0
2026-06-14,10,6,1,6,Gym,52,100.0
2026-04-29,8,2,0,4,Cricket,19,95.0
2026-03-03,12,1,0,3,Volleyball,20,100.0
2026-06-04,7,3,0,6,Volleyball,27,100.0
2026-08-18,21,1,0,8,Cricket,14,70.0
2026-03-05,6,3,0,3,Volleyball,15,75.0
2026-06-14,6,6,1,6,Badminton,30,100.0
2026-05-10,15,6,1,5,Badminton,45,100.0
2026-08-26,19,2,0,8,Gym,52,100.0
2026-03-28,9,5,1,3,Volleyball,19,95.0
2026-05-01,12,4,0,5,Volleyball,21,100.0
2026-05-04,17,0,0,5,Basketball,52,100.0
2026-06-10,8,2,0,6,Basketball,33,100.0
2026-06-26,13,4,0,6,Cricket,16,80.0
2026-05-16,8,5,1,5,Cricket,30,100.0
2026-08-14,7,4,0,8,Badminton,38,100.0
2026-06-06,18,5,1,6,Volleyball,52,100.0
2026-03-15,6,6,1,3,Cricket,9,45.0
2026-03-22,21,6,1,3,Gym,33,100.0
2026-08-13,16,3,0,8,Volleyball,20,100.0
2026-03-25,22,2,0,3,Badminton,25,83.3
2026-04-24,21,4,0,4,Basketball,17,85.0
2026-03-20,14,4,0,3,Volleyball,22,100.0
2026-08-16,7,6,1,8,Football,45,90.0
2026-05-20,6,2,0,5,Football,31,62.0
2026-04-06,18,0,0,4,Badminton,49,100.0
2026-04-11,13,5,1,4,Volleyball,41,100.0
2026-06-08,16,0,0,6,Tennis,29,100.0
2026-04-05,8,6,1,4,Volleyball,28,100.0
2026-05-28,7,3,0,5,Badminton,38,100.0
2026-04-29,8,2,0,4,Basketball,36,100.0
2026-08-05,18,2,0,8,Gym,55,100.0
2026-03-08,14,6,1,3,Gym,55,100.0
2026-07-04,13,5,1,7,Basketball,46,100.0
2026-06-05,19,4,0,6,Football,55,100.0
2026-07-28,18,1,0,7,Badminton,57,100.0
2026-08-06,15,3,0,8,Gym,30,100.0
2026-03-19,8,3,0,3,Basketball,29,100.0
2026-06-06,10,5,1,6,Cricket,28,100.0
2026-05-21,17,3,0,5,Badminton,46,100.0
2026-03-02,15,0,0,3,Tennis,22,100.0
2026-05-09,9,5,1,5,Football,33,66.0
2026-04-17,19,4,0,4,Tennis,48,100.0
2026-07-21,22,1,0,7,Tennis,18,90.0
2026-03-07,8,5,1,3,Basketball,35,100.0
2026-03-24,16,1,0,3,Gym,33,100.0
2026-03-04,15,2,0,3,Tennis,23,100.0
2026-03-22,13,6,1,3,Volleyball,36,100.0
2026-04-13,18,0,0,4,Football,47,94.0
2026-05-08,15,4,0,5,Basketball,24,100.0
2026-04-07,8,1,0,4,Football,38,76.0
2026-05-10,19,6,1,5,Basketball,47,100.0
2026-03-20,17,4,0,3,Basketball,43,100.0
2026-08-08,21,5,1,8,Volleyball,16,80.0
2026-04-20,20,0,0,4,Badminton,47,100.0
2026-05-17,6,6,1,5,Tennis,22,100.0
2026-08-06,18,3,0,8,Gym,63,100.0
2026-05-24,20,6,1,5,Basketball,46,100.0
2026-08-14,10,4,0,8,Basketball,22,100.0
2026-08-02,12,6,1,8,Tennis,43,100.0
2026-04-15,18,2,0,4,Basketball,44,100.0
2026-08-25,21,1,0,8,Volleyball,19,95.0
2026-05-02,16,5,1,5,Tennis,36,100.0
2026-06-09,17,1,0,6,Badminton,54,100.0
2026-04-21,11,1,0,4,Cricket,19,95.0
2026-07-19,6,6,1,7,Cricket,14,70.0
2026-04-23,20,3,0,4,Gym,54,100.0
2026-08-25,8,1,0,8,Gym,50,100.0
2026-06-13,21,5,1,6,Football,32,64.0
2026-05-17,13,6,1,5,Basketball,48,100.0
2026-04-09,19,3,0,4,Gym,56,100.0
2026-03-19,20,3,0,3,Volleyball,37,100.0
2026-07-28,18,1,0,7,Volleyball,38,100.0
2026-08-25,19,1,0,8,Volleyball,30,100.0
2026-06-01,8,0,0,6,Badminton,44,100.0
2026-05-03,17,6,1,5,Football,70,100.0
2026-08-04,7,1,0,8,Volleyball,27,100.0
2026-08-21,18,4,0,8,Gym,55,100.0
2026-06-19,9,4,0,6,Badminton,33,100.0
2026-05-06,13,2,0,5,Volleyball,24,100.0
2026-07-11,13,5,1,7,Tennis,43,100.0
2026-06-09,20,1,0,6,Gym,60,100.0
2026-07-29,22,2,0,7,Football,27,54.0
2026-03-07,21,5,1,3,Badminton,26,86.7
2026-06-15,8,0,0,6,Badminton,45,100.0
2026-04-06,17,0,0,4,Basketball,45,100.0
2026-06-25,12,3,0,6,Volleyball,20,100.0
2026-05-29,21,4,0,5,Badminton,29,96.7
2026-08-26,20,2,0,8,Basketball,41,100.0
2026-05-16,7,5,1,5,Gym,48,100.0
2026-03-30,6,0,0,3,Gym,32,100.0
2026-08-13,9,3,0,8,Cricket,29,100.0
2026-04-12,13,6,1,4,Volleyball,30,100.0
2026-07-20,11,0,0,7,Basketball,25,100.0
2026-06-18,20,3,0,6,Football,57,100.0
2026-06-12,11,4,0,6,Football,32,64.0
2026-08-16,19,6,1,8,Tennis,40,100.0
2026-08-05,12,2,0,8,Tennis,32,100.0
2026-06-18,18,3,0,6,Badminton,56,100.0
2026-04-24,12,4,0,4,Basketball,35,100.0
2026-08-28,8,4,0,8,Volleyball,18,90.0
2026-07-16,11,3,0,7,Basketball,22,100.0
2026-04-20,20,0,0,4,Badminton,49,100.0
2026-08-19,21,2,0,8,Volleyball,17,85.0
2026-05-20,18,2,0,5,Volleyball,36,100.0
2026-07-29,9,2,0,7,Basketball,32,100.0
2026-06-26,11,4,0,6,Gym,37,100.0
2026-08-28,15,4,0,8,Volleyball,16,80.0
2026-03-22,10,6,1,3,Basketball,33,100.0
2026-05-01,15,4,0,5,Badminton,24,80.0
2026-06-04,10,3,0,6,Volleyball,13,65.0
2026-06-16,10,1,0,6,Volleyball,13,65.0
2026-06-17,11,2,0,6,Tennis,27,100.0
2026-07-16,11,3,0,7,Volleyball,9,45.0
2026-07-04,15,5,1,7,Football,39,78.0
2026-05-20,20,2,0,5,Volleyball,30,100.0
2026-05-31,6,6,1,5,Tennis,19,95.0
2026-04-19,18,6,1,4,Volleyball,53,100.0
2026-08-15,21,5,1,8,Tennis,27,100.0
2026-07-04,19,5,1,7,Cricket,43,100.0
2026-06-22,21,0,0,6,Football,23,46.0
2026-07-23,6,3,0,7,Gym,39,100.0
2026-04-26,15,6,1,4,Badminton,41,100.0
2026-04-27,15,0,0,4,Football,34,68.0
2026-06-26,21,4,0,6,Volleyball,15,75.0
2026-03-29,9,6,1,3,Basketball,39,100.0
2026-07-18,17,5,1,7,Volleyball,58,100.0
2026-03-11,20,2,0,3,Volleyball,33,100.0
2026-06-17,9,2,0,6,Cricket,30,100.0
2026-08-15,13,5,1,8,Basketball,51,100.0
2026-03-09,20,0,0,3,Basketball,45,100.0
2026-03-23,20,0,0,3,Gym,51,100.0
2026-04-30,12,3,0,4,Gym,44,100.0
2026-07-29,17,2,0,7,Gym,61,100.0
2026-08-04,19,1,0,8,Football,54,100.0
2026-04-05,12,6,1,4,Gym,51,100.0
2026-03-16,17,0,0,3,Volleyball,34,100.0
2026-07-31,11,4,0,7,Basketball,28,100.0
2026-05-14,15,3,0,5,Volleyball,11,55.0
2026-07-10,9,4,0,7,Football,44,88.0
2026-06-14,7,6,1,6,Basketball,40,100.0
2026-08-15,10,5,1,8,Cricket,35,100.0
2026-04-03,13,4,0,4,Football,39,78.0
2026-05-22,13,4,0,5,Gym,46,100.0
2026-08-21,18,4,0,8,Tennis,42,100.0
2026-07-26,14,6,1,7,Cricket,34,100.0
2026-06-05,20,4,0,6,Badminton,55,100.0
2026-03-24,18,1,0,3,Volleyball,41,100.0
2026-05-11,17,0,0,5,Tennis,47,100.0
2026-05-23,6,5,1,5,Gym,39,100.0
2026-03-24,20,1,0,3,Cricket,40,100.0
2026-08-26,17,2,0,8,Gym,51,100.0
2026-07-15,18,2,0,7,Football,51,100.0
2026-04-24,21,4,0,4,Basketball,22,100.0
2026-05-12,16,1,0,5,Volleyball,16,80.0
2026-04-03,21,4,0,4,Gym,32,100.0
2026-08-22,7,5,1,8,Badminton,33,100.0
2026-08-08,20,5,1,8,Badminton,46,100.0
2026-04-10,20,4,0,4,Tennis,40,100.0
2026-06-18,12,3,0,6,Cricket,15,75.0
2026-08-14,15,4,0,8,Football,35,70.0
2026-05-10,8,6,1,5,Cricket,22,100.0
2026-05-04,8,0,0,5,Basketball,37,100.0
2026-08-14,11,4,0,8,Badminton,28,93.3
2026-08-08,15,5,1,8,Cricket,33,100.0
2026-04-29,19,2,0,4,Cricket,31,100.0
2026-08-28,9,4,0,8,Badminton,35,100.0
2026-07-01,8,2,0,7,Football,41,82.0
2026-04-27,22,0,0,4,Cricket,14,70.0
2026-03-03,6,1,0,3,Cricket,12,60.0
2026-03-31,19,1,0,3,Cricket,32,100.0
2026-07-01,8,2,0,7,Football,38,76.0
2026-03-23,9,0,0,3,Badminton,37,100.0
2026-06-03,15,2,0,6,Football,28,56.0
2026-04-04,10,5,1,4,Badminton,45,100.0
2026-07-23,6,3,0,7,Volleyball,17,85.0
2026-04-12,20,6,1,4,Basketball,51,100.0
2026-04-24,10,4,0,4,Tennis,26,100.0
2026-08-23,20,6,1,8,Gym,53,100.0
2026-03-23,9,0,0,3,Football,44,88.0
2026-04-01,18,2,0,4,Basketball,46,100.0
2026-05-20,10,2,0,5,Football,26,52.0
2026-08-13,8,3,0,8,Football,40,80.0
2026-08-01,15,5,1,8,Gym,53,100.0
2026-03-07,15,5,1,3,Football,45,90.0
2026-08-03,22,0,0,8,Football,33,66.0
2026-06-09,15,1,0,6,Cricket,7,35.0
2026-05-01,21,4,0,5,Tennis,18,90.0
2026-05-01,21,4,0,5,Cricket,16,80.0
2026-03-19,22,3,0,3,Badminton,27,90.0
2026-05-21,10,3,0,5,Tennis,30,100.0
2026-07-24,19,4,0,7,Basketball,48,100.0
2026-08-22,11,5,1,8,Gym,49,100.0
2026-03-19,6,3,0,3,Volleyball,8,40.0
2026-03-04,14,2,0,3,Football,28,56.0
2026-03-16,18,0,0,3,Volleyball,34,100.0
2026-08-08,22,5,1,8,Gym,33,100.0
2026-06-17,18,2,0,6,Badminton,55,100.0
2026-07-16,10,3,0,7,Basketball,18,90.0
2026-05-19,8,1,0,5,Volleyball,20,100.0
2026-04-09,16,3,0,4,Tennis,26,100.0
2026-08-10,8,0,0,8,Basketball,38,100.0
2026-06-20,13,5,1,6,Badminton,46,100.0
2026-03-23,19,0,0,3,Badminton,52,100.0
2026-08-04,7,1,0,8,Basketball,37,100.0
2026-08-16,11,6,1,8,Badminton,37,100.0
2026-04-05,6,6,1,4,Football,29,58.0
2026-05-28,22,3,0,5,Volleyball,19,95.0
2026-05-06,11,2,0,5,Basketball,19,95.0
2026-05-08,9,4,0,5,Gym,37,100.0
2026-05-25,19,0,0,5,Basketball,48,100.0
2026-03-17,14,1,0,3,Cricket,22,100.0
2026-08-08,8,5,1,8,Tennis,34,100.0
2026-07-09,17,3,0,7,Badminton,52,100.0
2026-07-24,11,4,0,7,Basketball,19,95.0
2026-05-05,9,1,0,5,Volleyball,27,100.0
2026-03-30,13,0,0,3,Cricket,21,100.0
2026-03-01,7,6,1,3,Gym,50,100.0
2026-03-04,13,2,0,3,Badminton,35,100.0
2026-06-02,18,1,0,6,Football,47,94.0
2026-03-10,19,1,0,3,Football,50,100.0
2026-05-03,19,6,1,5,Cricket,35,100.0
2026-05-09,8,5,1,5,Volleyball,22,100.0
2026-03-31,22,1,0,3,Cricket,7,35.0
2026-04-15,13,2,0,4,Gym,41,100.0
2026-03-12,18,3,0,3,Badminton,52,100.0
2026-05-12,15,1,0,5,Basketball,18,90.0
2026-07-20,20,0,0,7,Badminton,50,100.0
2026-04-21,15,1,0,4,Volleyball,19,95.0
2026-05-17,13,6,1,5,Tennis,43,100.0
2026-07-30,21,3,0,7,Gym,39,100.0
2026-04-20,13,0,0,4,Football,28,56.0
2026-06-13,6,5,1,6,Football,30,60.0
2026-05-28,6,3,0,5,Basketball,17,85.0
2026-08-16,18,6,1,8,Gym,76,100.0
2026-05-18,9,0,0,5,Football,40,80.0
2026-04-30,19,3,0,4,Tennis,40,100.0
2026-04-06,14,0,0,4,Badminton,28,93.3
2026-04-29,22,2,0,4,Tennis,28,100.0
2026-06-04,20,3,0,6,Cricket,31,100.0
2026-07-27,9,0,0,7,Volleyball,19,95.0
2026-08-11,18,1,0,8,Badminton,54,100.0
2026-07-24,7,4,0,7,Tennis,37,100.0
2026-04-03,13,4,0,4,Basketball,27,100.0
2026-05-20,18,2,0,5,Cricket,43,100.0
2026-05-23,16,5,1,5,Tennis,36,100.0
2026-04-29,8,2,0,4,Football,34,68.0
2026-07-28,9,1,0,7,Football,33,66.0
2026-04-12,20,6,1,4,Tennis,45,100.0
2026-06-13,9,5,1,6,Volleyball,22,100.0
2026-04-23,20,3,0,4,Basketball,47,100.0
2026-05-07,9,3,0,5,Badminton,34,100.0
2026-08-23,15,6,1,8,Gym,53,100.0
2026-08-26,7,2,0,8,Football,45,90.0
2026-05-23,10,5,1,5,Badminton,48,100.0
2026-05-03,17,6,1,5,Tennis,63,100.0
2026-03-13,15,4,0,3,Basketball,30,100.0
2026-04-14,6,1,0,4,Tennis,30,100.0
2026-06-24,13,2,0,6,Badminton,35,100.0
2026-03-27,10,4,0,3,Badminton,22,73.3
2026-03-16,13,0,0,3,Football,31,62.0
2026-06-11,17,3,0,6,Cricket,40,100.0
2026-08-13,8,3,0,8,Volleyball,26,100.0
2026-05-06,8,2,0,5,Badminton,33,100.0
2026-04-20,20,0,0,4,Gym,52,100.0
2026-03-24,16,1,0,3,Badminton,22,73.3
2026-06-27,7,5,1,6,Football,41,82.0
2026-06-19,18,4,0,6,Tennis,40,100.0
2026-06-06,19,5,1,6,Football,50,100.0
2026-04-24,11,4,0,4,Basketball,21,100.0
2026-06-23,10,1,0,6,Badminton,31,100.0
2026-08-06,13,3,0,8,Cricket,17,85.0
2026-07-06,19,0,0,7,Volleyball,37,100.0
2026-03-16,8,0,0,3,Basketball,33,100.0
2026-04-05,19,6,1,4,Football,55,100.0
2026-07-13,13,0,0,7,Cricket,25,100.0
2026-07-18,6,5,1,7,Tennis,29,100.0
2026-05-31,21,6,1,5,Volleyball,19,95.0
2026-07-03,17,4,0,7,Volleyball,38,100.0
2026-05-22,18,4,0,5,Basketball,42,100.0
2026-03-07,16,5,1,3,Volleyball,25,100.0
2026-03-08,14,6,1,3,Badminton,55,100.0
2026-06-29,22,0,0,6,Basketball,29,100.0
2026-07-28,13,1,0,7,Football,29,58.0
2026-05-03,13,6,1,5,Basketball,46,100.0
2026-03-15,13,6,1,3,Volleyball,41,100.0
2026-06-08,17,0,0,6,Gym,63,100.0
2026-04-14,11,1,0,4,Football,31,62.0
2026-05-21,17,3,0,5,Volleyball,30,100.0
2026-08-28,17,4,0,8,Volleyball,39,100.0
2026-04-06,12,0,0,4,Gym,45,100.0
2026-07-05,15,6,1,7,Football,44,88.0
2026-03-10,8,1,0,3,Badminton,35,100.0
2026-08-02,13,6,1,8,Badminton,51,100.0
2026-07-01,6,2,0,7,Basketball,26,100.0
2026-04-21,10,1,0,4,Basketball,28,100.0
2026-04-15,16,2,0,4,Badminton,22,73.3
2026-04-07,10,1,0,4,Gym,28,93.3
2026-07-13,17,0,0,7,Badminton,50,100.0
2026-08-28,18,4,0,8,Volleyball,31,100.0
2026-05-26,15,1,0,5,Basketball,19,95.0
2026-04-10,19,4,0,4,Gym,60,100.0
2026-07-03,16,4,0,7,Football,33,66.0
2026-07-22,17,2,0,7,Football,55,100.0
2026-07-29,11,2,0,7,Tennis,21,100.0
2026-08-24,15,0,0,8,Football,24,48.0
2026-03-01,18,6,1,3,Gym,77,100.0
2026-07-24,7,4,0,7,Football,41,82.0
2026-05-21,13,3,0,5,Cricket,22,100.0
2026-03-27,21,4,0,3,Football,27,54.0
2026-03-20,13,4,0,3,Basketball,28,100.0
2026-04-12,8,6,1,4,Gym,48,100.0
2026-08-19,16,2,0,8,Tennis,17,85.0
2026-05-07,12,3,0,5,Football,39,78.0
2026-03-18,17,2,0,3,Basketball,52,100.0
2026-03-28,6,5,1,3,Badminton,28,93.3
2026-06-21,19,6,1,6,Football,51,100.0
2026-07-05,18,6,1,7,Basketball,63,100.0
2026-06-05,9,4,0,6,Gym,44,100.0
2026-07-26,13,6,1,7,Football,50,100.0
2026-03-19,7,3,0,3,Basketball,27,100.0
2026-05-21,14,3,0,5,Badminton,29,96.7
2026-05-27,11,2,0,5,Tennis,19,95.0
2026-03-20,8,4,0,3,Basketball,36,100.0
2026-08-05,21,2,0,8,Cricket,7,35.0
2026-06-19,11,4,0,6,Volleyball,13,65.0
2026-04-10,7,4,0,4,Badminton,37,100.0
2026-04-22,12,2,0,4,Tennis,34,100.0
2026-07-20,14,0,0,7,Cricket,17,85.0
2026-05-16,13,5,1,5,Badminton,43,100.0
2026-06-09,21,1,0,6,Football,22,44.0
2026-06-01,6,0,0,6,Tennis,18,90.0
2026-05-15,21,4,0,5,Football,23,46.0
2026-03-07,12,5,1,3,Football,53,100.0
2026-05-14,8,3,0,5,Tennis,40,100.0
2026-03-30,15,0,0,3,Gym,33,100.0
2026-06-29,21,0,0,6,Cricket,11,55.0
2026-03-24,18,1,0,3,Football,50,100.0
2026-06-06,17,5,1,6,Football,67,100.0
2026-03-12,14,3,0,3,Tennis,30,100.0
2026-05-07,13,3,0,5,Gym,37,100.0
2026-07-23,7,3,0,7,Football,44,88.0
2026-08-26,9,2,0,8,Badminton,42,100.0
2026-05-28,19,3,0,5,Gym,59,100.0
2026-04-28,7,1,0,4,Gym,43,100.0
2026-07-12,19,6,1,7,Volleyball,40,100.0
2026-06-30,13,1,0,6,Tennis,27,100.0
2026-03-21,18,5,1,3,Gym,76,100.0
2026-03-09,22,0,0,3,Volleyball,15,75.0
2026-07-25,10,5,1,7,Badminton,49,100.0
2026-06-23,11,1,0,6,Football,25,50.0
2026-04-19,10,6,1,4,Badminton,43,100.0
2026-03-21,19,5,1,3,Football,58,100.0
2026-08-08,10,5,1,8,Gym,51,100.0
2026-05-06,16,2,0,5,Cricket,19,95.0
2026-03-18,8,2,0,3,Tennis,35,100.0
2026-06-10,16,2,0,6,Gym,31,100.0
2026-07-12,20,6,1,7,Gym,50,100.0
2026-08-27,22,3,0,8,Gym,33,100.0
2026-03-29,19,6,1,3,Football,47,94.0
2026-07-24,9,4,0,7,Badminton,41,100.0
2026-03-26,15,3,0,3,Gym,35,100.0
2026-05-28,19,3,0,5,Basketball,46,100.0
2026-08-15,21,5,1,8,Volleyball,16,80.0
2026-06-30,7,1,0,6,Football,36,72.0
2026-06-12,10,4,0,6,Volleyball,16,80.0
2026-08-22,18,5,1,8,Badminton,66,100.0
2026-05-24,13,6,1,5,Badminton,54,100.0
2026-06-30,14,1,0,6,Basketball,23,100.0
2026-05-26,15,1,0,5,Basketball,21,100.0
2026-07-04,9,5,1,7,Gym,40,100.0
2026-04-04,15,5,1,4,Cricket,29,100.0
2026-05-22,14,4,0,5,Cricket,19,95.0
2026-08-02,8,6,1,8,Football,39,78.0
2026-04-24,19,4,0,4,Cricket,37,100.0
2026-07-11,17,5,1,7,Gym,65,100.0
2026-07-10,11,4,0,7,Badminton,26,86.7
2026-07-08,18,2,0,7,Football,57,100.0
2026-07-13,6,0,0,7,Football,25,50.0
2026-04-21,7,1,0,4,Football,32,64.0
2026-06-25,7,3,0,6,Basketball,38,100.0
2026-04-20,14,0,0,4,Basketball,36,100.0
2026-06-27,22,5,1,6,Tennis,27,100.0
2026-04-01,6,2,0,4,Football,27,54.0
2026-07-04,20,5,1,7,Football,58,100.0
2026-06-30,17,1,0,6,Basketball,42,100.0
2026-05-06,8,2,0,5,Basketball,27,100.0
2026-06-07,7,6,1,6,Football,45,90.0
2026-07-25,12,5,1,7,Gym,51,100.0
2026-08-13,13,3,0,8,Cricket,16,80.0
2026-05-08,19,4,0,5,Volleyball,30,100.0
2026-08-22,6,5,1,8,Tennis,19,95.0
2026-08-13,11,3,0,8,Volleyball,19,95.0
2026-03-03,13,1,0,3,Basketball,32,100.0
2026-05-18,14,0,0,5,Tennis,29,100.0
2026-05-29,20,4,0,5,Basketball,43,100.0
2026-06-28,15,6,1,6,Cricket,30,100.0
2026-08-07,18,4,0,8,Volleyball,31,100.0
2026-03-02,22,0,0,3,Cricket,20,100.0
2026-06-04,15,3,0,6,Basketball,27,100.0
2026-03-28,21,5,1,3,Badminton,27,90.0
2026-05-10,16,6,1,5,Gym,46,100.0
2026-05-06,15,2,0,5,Football,24,48.0
2026-07-11,13,5,1,7,Badminton,55,100.0
2026-08-01,18,5,1,8,Cricket,50,100.0
2026-08-22,10,5,1,8,Cricket,22,100.0
2026-08-15,21,5,1,8,Basketball,21,100.0
2026-06-16,18,1,0,6,Tennis,51,100.0
2026-03-10,12,1,0,3,Basketball,34,100.0
2026-04-26,21,6,1,4,Cricket,12,60.0
2026-07-08,15,2,0,7,Gym,29,96.7
2026-08-16,11,6,1,8,Basketball,33,100.0
2026-06-29,10,0,0,6,Cricket,11,55.0
2026-07-22,11,2,0,7,Cricket,12,60.0
2026-08-15,8,5,1,8,Football,37,74.0
2026-04-27,15,0,0,4,Tennis,29,100.0
2026-05-24,17,6,1,5,Basketball,64,100.0
2026-05-15,20,4,0,5,Gym,51,100.0
2026-06-29,7,0,0,6,Gym,47,100.0
2026-07-28,8,1,0,7,Tennis,30,100.0
2026-07-07,9,1,0,7,Gym,47,100.0
2026-06-06,22,5,1,6,Basketball,23,100.0
2026-03-14,10,5,1,3,Football,40,80.0
2026-05-27,19,2,0,5,Volleyball,37,100.0
2026-04-06,16,0,0,4,Gym,38,100.0
2026-04-16,8,3,0,4,Tennis,32,100.0
2026-08-09,11,6,1,8,Basketball,42,100.0
2026-03-15,6,6,1,3,Tennis,21,100.0
2026-04-23,11,3,0,4,Volleyball,19,95.0
2026-04-10,21,4,0,4,Gym,39,100.0
2026-03-23,10,0,0,3,Volleyball,13,65.0
2026-08-10,19,0,0,8,Tennis,46,100.0
2026-07-01,18,2,0,7,Badminton,45,100.0
2026-07-15,12,2,0,7,Cricket,18,90.0
2026-03-04,16,2,0,3,Gym,40,100.0
2026-07-14,12,1,0,7,Badminton,38,100.0
2026-03-02,13,0,0,3,Football,39,78.0
2026-05-28,15,3,0,5,Football,23,46.0
2026-06-07,22,6,1,6,Volleyball,11,55.0
2026-04-12,8,6,1,4,Gym,37,100.0
2026-05-16,15,5,1,5,Tennis,43,100.0
2026-07-12,22,6,1,7,Basketball,23,100.0
2026-08-23,10,6,1,8,Basketball,39,100.0
2026-05-31,12,6,1,5,Football,55,100.0
2026-06-12,6,4,0,6,Football,25,50.0
2026-04-03,12,4,0,4,Cricket,13,65.0
2026-07-29,22,2,0,7,Football,23,46.0
2026-06-02,7,1,0,6,Tennis,37,100.0
2026-05-05,7,1,0,5,Volleyball,17,85.0
2026-08-17,9,0,0,8,Cricket,30,100.0
2026-03-06,7,4,0,3,Cricket,18,90.0
2026-06-15,20,0,0,6,Tennis,41,100.0
2026-07-19,14,6,1,7,Tennis,49,100.0
2026-04-09,12,3,0,4,Cricket,23,100.0
2026-08-09,6,6,1,8,Basketball,23,100.0
2026-08-17,9,0,0,8,Cricket,25,100.0
2026-05-09,10,5,1,5,Tennis,45,100.0
2026-03-27,22,4,0,3,Cricket,16,80.0
2026-03-31,15,1,0,3,Badminton,34,100.0
2026-03-28,21,5,1,3,Football,31,62.0
2026-04-21,14,1,0,4,Gym,41,100.0
2026-04-21,17,1,0,4,Cricket,36,100.0
2026-05-15,11,4,0,5,Badminton,30,100.0
2026-07-06,12,0,0,7,Cricket,20,100.0
2026-05-24,13,6,1,5,Badminton,43,100.0
2026-08-19,8,2,0,8,Badminton,45,100.0
2026-07-25,21,5,1,7,Football,23,46.0
2026-07-09,8,3,0,7,Cricket,28,100.0
2026-03-26,14,3,0,3,Cricket,16,80.0
2026-06-25,15,3,0,6,Basketball,24,100.0
2026-03-13,9,4,0,3,Gym,39,100.0
2026-03-11,15,2,0,3,Basketball,29,100.0
2026-08-21,16,4,0,8,Tennis,28,100.0
2026-03-30,9,0,0,3,Gym,49,100.0
2026-03-12,6,3,0,3,Gym,29,96.7
2026-08-17,11,0,0,8,Basketball,22,100.0
2026-06-21,14,6,1,6,Cricket,29,100.0
2026-06-04,16,3,0,6,Football,23,46.0
2026-06-11,18,3,0,6,Tennis,44,100.0
2026-06-07,21,6,1,6,Gym,33,100.0
2026-08-14,11,4,0,8,Badminton,24,80.0
2026-08-26,7,2,0,8,Gym,39,100.0
2026-03-27,19,4,0,3,Volleyball,37,100.0
2026-07-24,20,4,0,7,Football,54,100.0
2026-06-06,17,5,1,6,Volleyball,45,100.0
2026-08-23,10,6,1,8,Tennis,39,100.0
2026-03-29,19,6,1,3,Tennis,40,100.0
2026-03-17,14,1,0,3,Cricket,18,90.0
2026-03-04,22,2,0,3,Gym,38,100.0
2026-07-26,13,6,1,7,Cricket,41,100.0
2026-05-26,22,1,0,5,Volleyball,18,90.0
2026-08-27,9,3,0,8,Tennis,37,100.0
2026-05-03,21,6,1,5,Basketball,27,100.0
2026-08-21,18,4,0,8,Football,58,100.0
2026-07-21,7,1,0,7,Badminton,42,100.0
2026-04-10,22,4,0,4,Gym,34,100.0
2026-07-05,11,6,1,7,Badminton,49,100.0
2026-07-04,16,5,1,7,Football,42,84.0
2026-05-11,7,0,0,5,Volleyball,20,100.0
2026-07-19,18,6,1,7,Tennis,68,100.0
2026-04-30,8,3,0,4,Tennis,34,100.0
2026-07-25,20,5,1,7,Badminton,58,100.0
2026-07-06,20,0,0,7,Basketball,41,100.0
2026-07-06,6,0,0,7,Badminton,28,93.3
2026-06-14,7,6,1,6,Volleyball,25,100.0
2026-03-01,8,6,1,3,Gym,46,100.0
2026-08-06,15,3,0,8,Volleyball,15,75.0
2026-04-22,20,2,0,4,Basketball,45,100.0
2026-03-14,13,5,1,3,Gym,55,100.0
2026-05-24,21,6,1,5,Cricket,17,85.0
2026-06-02,20,1,0,6,Badminton,46,100.0
2026-08-16,13,6,1,8,Badminton,48,100.0
2026-05-30,15,5,1,5,Volleyball,30,100.0
2026-06-04,9,3,0,6,Badminton,34,100.0
2026-07-05,10,6,1,7,Gym,53,100.0
2026-06-13,9,5,1,6,Basketball,36,100.0
2026-04-20,12,0,0,4,Badminton,41,100.0
2026-06-09,12,1,0,6,Tennis,36,100.0
2026-04-18,16,5,1,4,Badminton,49,100.0
2026-06-15,7,0,0,6,Cricket,30,100.0
2026-08-20,9,3,0,8,Gym,44,100.0
2026-06-26,22,4,0,6,Football,29,58.0
2026-03-02,22,0,0,3,Cricket,7,35.0
2026-07-20,19,0,0,7,Gym,59,100.0
2026-07-02,22,3,0,7,Gym,29,96.7
2026-08-25,11,1,0,8,Cricket,20,100.0
2026-04-02,9,3,0,4,Tennis,37,100.0
2026-08-01,16,5,1,8,Volleyball,28,100.0
2026-06-16,13,1,0,6,Basketball,29,100.0
2026-05-27,15,2,0,5,Tennis,29,100.0
2026-04-04,10,5,1,4,Tennis,41,100.0
2026-08-27,22,3,0,8,Basketball,30,100.0
2026-08-27,16,3,0,8,Cricket,18,90.0
2026-07-20,12,0,0,7,Football,31,62.0
2026-08-07,15,4,0,8,Cricket,12,60.0
2026-08-20,10,3,0,8,Cricket,17,85.0
2026-04-15,22,2,0,4,Volleyball,18,90.0
2026-08-11,16,1,0,8,Cricket,8,40.0
2026-05-30,21,5,1,5,Volleyball,16,80.0
2026-08-18,19,1,0,8,Cricket,41,100.0
2026-07-15,15,2,0,7,Gym,33,100.0
2026-03-04,22,2,0,3,Badminton,22,73.3
2026-06-06,10,5,1,6,Badminton,47,100.0
2026-03-15,12,6,1,3,Basketball,50,100.0
2026-04-11,15,5,1,4,Cricket,26,100.0
2026-04-07,7,1,0,4,Cricket,29,100.0
2026-05-15,12,4,0,5,Gym,41,100.0
2026-03-09,17,0,0,3,Gym,57,100.0
2026-03-27,13,4,0,3,Cricket,23,100.0
2026-07-22,18,2,0,7,Football,53,100.0
2026-08-26,15,2,0,8,Cricket,17,85.0
2026-03-13,18,4,0,3,Tennis,46,100.0
2026-08-23,16,6,1,8,Volleyball,22,100.0
2026-03-04,14,2,0,3,Football,37,74.0
2026-06-22,13,0,0,6,Cricket,24,100.0
2026-08-13,17,3,0,8,Gym,59,100.0
2026-07-18,12,5,1,7,Gym,59,100.0
2026-04-19,15,6,1,4,Tennis,34,100.0
2026-08-22,8,5,1,8,Football,34,68.0
2026-07-10,9,4,0,7,Tennis,27,100.0
2026-06-18,14,3,0,6,Volleyball,17,85.0
2026-04-03,11,4,0,4,Volleyball,20,100.0
2026-05-05,6,1,0,5,Basketball,24,100.0
2026-04-09,7,3,0,4,Football,37,74.0
2026-07-31,7,4,0,7,Gym,47,100.0
2026-08-05,15,2,0,8,Tennis,29,100.0
2026-07-25,17,5,1,7,Badminton,72,100.0
2026-05-21,22,3,0,5,Football,24,48.0
2026-07-12,8,6,1,7,Gym,45,100.0
2026-04-10,19,4,0,4,Volleyball,38,100.0
2026-06-12,8,4,0,6,Basketball,30,100.0
2026-04-24,16,4,0,4,Basketball,22,100.0
2026-05-15,12,4,0,5,Gym,42,100.0
2026-07-14,21,1,0,7,Volleyball,20,100.0
2026-08-14,6,4,0,8,Badminton,32,100.0
2026-05-28,20,3,0,5,Football,55,100.0
2026-08-05,13,2,0,8,Badminton,38,100.0
2026-05-22,18,4,0,5,Gym,51,100.0
2026-06-07,14,6,1,6,Volleyball,39,100.0
2026-05-12,6,1,0,5,Volleyball,20,100.0
2026-06-04,22,3,0,6,Gym,35,100.0
2026-06-23,21,1,0,6,Badminton,26,86.7
2026-08-14,12,4,0,8,Basketball,31,100.0
2026-03-22,9,6,1,3,Football,44,88.0
2026-07-16,6,3,0,7,Cricket,8,40.0
2026-04-23,12,3,0,4,Gym,43,100.0
2026-06-17,9,2,0,6,Football,40,80.0
2026-08-27,19,3,0,8,Cricket,43,100.0
2026-03-19,10,3,0,3,Badminton,29,96.7
2026-05-24,7,6,1,5,Badminton,33,100.0
2026-03-14,11,5,1,3,Gym,46,100.0
2026-07-21,8,1,0,7,Volleyball,30,100.0
2026-04-28,14,1,0,4,Tennis,29,100.0
2026-06-24,18,2,0,6,Tennis,45,100.0
2026-03-05,18,3,0,3,Cricket,31,100.0
2026-07-15,6,2,0,7,Cricket,18,90.0
2026-08-06,8,3,0,8,Gym,48,100.0
2026-07-28,7,1,0,7,Cricket,30,100.0
2026-03-19,17,3,0,3,Volleyball,31,100.0
2026-05-14,15,3,0,5,Volleyball,8,40.0
2026-05-12,20,1,0,5,Tennis,46,100.0
2026-08-17,6,0,0,8,Tennis,19,95.0
2026-07-15,13,2,0,7,Football,39,78.0
2026-06-09,15,1,0,6,Cricket,9,45.0
2026-05-16,17,5,1,5,Badminton,68,100.0
2026-07-21,10,1,0,7,Badminton,22,73.3
2026-03-02,18,0,0,3,Volleyball,38,100.0
2026-03-22,15,6,1,3,Football,48,96.0
2026-05-28,12,3,0,5,Tennis,33,100.0
2026-07-10,10,4,0,7,Football,24,48.0
2026-04-26,14,6,1,4,Football,44,88.0
2026-04-16,7,3,0,4,Gym,49,100.0
2026-07-19,20,6,1,7,Cricket,38,100.0
2026-03-19,15,3,0,3,Cricket,8,40.0
2026-05-04,9,0,0,5,Football,43,86.0
2026-07-27,21,0,0,7,Basketball,22,100.0
2026-04-02,13,3,0,4,Badminton,32,100.0
2026-08-06,8,3,0,8,Football,37,74.0
2026-07-03,20,4,0,7,Basketball,49,100.0
2026-08-16,15,6,1,8,Cricket,31,100.0
2026-04-09,17,3,0,4,Gym,55,100.0
2026-06-18,11,3,0,6,Badminton,27,90.0
2026-05-03,13,6,1,5,Cricket,39,100.0
2026-08-12,19,2,0,8,Basketball,53,100.0
2026-06-01,10,0,0,6,Cricket,18,90.0
2026-05-24,21,6,1,5,Tennis,24,100.0
2026-05-31,15,6,1,5,Tennis,40,100.0
2026-03-28,11,5,1,3,Cricket,31,100.0
2026-03-21,14,5,1,3,Gym,61,100.0
2026-04-05,12,6,1,4,Basketball,49,100.0
2026-08-08,8,5,1,8,Cricket,18,90.0
2026-03-05,22,3,0,3,Cricket,7,35.0
2026-07-27,18,0,0,7,Gym,59,100.0
2026-04-24,7,4,0,4,Volleyball,21,100.0
2026-07-18,21,5,1,7,Cricket,19,95.0
2026-04-08,17,2,0,4,Tennis,43,100.0
2026-07-29,15,2,0,7,Football,29,58.0
2026-07-07,22,1,0,7,Badminton,28,93.3
2026-06-02,22,1,0,6,Badminton,32,100.0
2026-05-01,11,4,0,5,Gym,35,100.0
2026-04-05,20,6,1,4,Football,47,94.0
2026-07-23,10,3,0,7,Cricket,18,90.0
2026-07-02,17,3,0,7,Badminton,48,100.0
2026-07-03,13,4,0,7,Badminton,32,100.0
2026-06-03,13,2,0,6,Badminton,38,100.0
2026-04-22,22,2,0,4,Gym,32,100.0
2026-06-08,21,0,0,6,Tennis,17,85.0
2026-03-11,16,2,0,3,Badminton,33,100.0
2026-07-12,14,6,1,7,Gym,59,100.0
2026-05-07,11,3,0,5,Tennis,27,100.0
2026-06-05,17,4,0,6,Volleyball,40,100.0
2026-03-20,22,4,0,3,Basketball,23,100.0
2026-04-27,22,0,0,4,Tennis,22,100.0
2026-05-28,21,3,0,5,Gym,34,100.0
2026-08-02,6,6,1,8,Volleyball,9,45.0
2026-06-21,11,6,1,6,Football,38,76.0
2026-07-10,14,4,0,7,Football,30,60.0
2026-04-17,11,4,0,4,Basketball,26,100.0
2026-03-31,13,1,0,3,Tennis,35,100.0
2026-05-24,9,6,1,5,Tennis,37,100.0
2026-07-01,21,2,0,7,Football,31,62.0
2026-04-11,19,5,1,4,Badminton,48,100.0
2026-03-12,10,3,0,3,Volleyball,16,80.0
2026-04-11,10,5,1,4,Cricket,30,100.0
2026-03-11,10,2,0,3,Badminton,24,80.0
2026-05-06,11,2,0,5,Volleyball,13,65.0
2026-08-01,6,5,1,8,Cricket,18,90.0
2026-08-17,15,0,0,8,Badminton,25,83.3
2026-06-23,21,1,0,6,Gym,34,100.0
2026-04-13,13,0,0,4,Gym,39,100.0
2026-08-01,10,5,1,8,Gym,51,100.0
2026-04-16,22,3,0,4,Basketball,19,95.0
2026-08-23,16,6,1,8,Tennis,41,100.0
2026-07-30,8,3,0,7,Football,38,76.0
2026-06-07,10,6,1,6,Badminton,37,100.0
2026-04-21,22,1,0,4,Gym,35,100.0
2026-08-23,19,6,1,8,Gym,52,100.0
2026-08-03,9,0,0,8,Football,39,78.0
2026-08-05,7,2,0,8,Gym,45,100.0
2026-07-07,9,1,0,7,Badminton,39,100.0
2026-08-16,10,6,1,8,Volleyball,30,100.0
2026-03-01,19,6,1,3,Volleyball,36,100.0
2026-06-03,7,2,0,6,Cricket,25,100.0
2026-06-18,13,3,0,6,Gym,40,100.0
2026-06-06,17,5,1,6,Volleyball,57,100.0
2026-08-26,9,2,0,8,Tennis,29,100.0
2026-05-05,21,1,0,5,Gym,30,100.0
2026-03-22,15,6,1,3,Volleyball,30,100.0
2026-06-13,14,5,1,6,Football,43,86.0
2026-03-02,22,0,0,3,Badminton,30,100.0
2026-03-02,18,0,0,3,Cricket,33,100.0
2026-08-24,16,0,0,8,Tennis,22,100.0
2026-03-28,10,5,1,3,Tennis,42,100.0
2026-07-28,14,1,0,7,Basketball,36,100.0
2026-07-16,19,3,0,7,Volleyball,35,100.0
2026-08-04,14,1,0,8,Cricket,19,95.0
2026-04-22,19,2,0,4,Volleyball,42,100.0
2026-07-21,21,1,0,7,Football,27,54.0
2026-07-22,21,2,0,7,Basketball,21,100.0
2026-07-26,17,6,1,7,Gym,76,100.0
2026-06-10,10,2,0,6,Gym,40,100.0
2026-08-16,9,6,1,8,Cricket,20,100.0
2026-06-23,11,1,0,6,Badminton,25,83.3
2026-07-09,18,3,0,7,Gym,55,100.0
2026-07-19,7,6,1,7,Football,38,76.0
2026-08-10,6,0,0,8,Gym,28,93.3
2026-04-07,21,1,0,4,Volleyball,13,65.0
2026-03-23,8,0,0,3,Basketball,30,100.0
2026-06-03,8,2,0,6,Volleyball,17,85.0
2026-06-07,18,6,1,6,Volleyball,55,100.0
2026-07-12,15,6,1,7,Cricket,31,100.0
2026-03-15,11,6,1,3,Cricket,29,100.0
2026-06-21,6,6,1,6,Football,35,70.0
2026-08-16,22,6,1,8,Basketball,20,100.0
2026-03-09,22,0,0,3,Volleyball,18,90.0
2026-04-29,11,2,0,4,Cricket,7,35.0
2026-06-01,13,0,0,6,Cricket,13,65.0
2026-04-10,8,4,0,4,Basketball,39,100.0
2026-06-11,17,3,0,6,Cricket,36,100.0
2026-06-12,12,4,0,6,Volleyball,13,65.0
2026-08-28,8,4,0,8,Badminton,40,100.0
2026-05-12,17,1,0,5,Basketball,53,100.0
2026-05-10,13,6,1,5,Volleyball,31,100.0
2026-06-25,18,3,0,6,Volleyball,30,100.0
2026-05-06,11,2,0,5,Tennis,25,100.0
2026-03-28,8,5,1,3,Volleyball,21,100.0
2026-05-27,9,2,0,5,Gym,45,100.0
2026-05-05,14,1,0,5,Cricket,20,100.0
2026-06-05,21,4,0,6,Gym,30,100.0
2026-05-26,20,1,0,5,Cricket,37,100.0
2026-07-29,6,2,0,7,Tennis,18,90.0
2026-05-06,8,2,0,5,Tennis,37,100.0
2026-04-26,13,6,1,4,Gym,53,100.0
2026-06-14,17,6,1,6,Volleyball,53,100.0
2026-03-03,14,1,0,3,Football,32,64.0
2026-03-24,18,1,0,3,Cricket,41,100.0
2026-05-27,8,2,0,5,Volleyball,19,95.0
2026-06-30,16,1,0,6,Basketball,20,100.0
2026-07-25,14,5,1,7,Football,54,100.0
2026-08-22,12,5,1,8,Tennis,49,100.0
2026-04-21,13,1,0,4,Cricket,16,80.0
2026-05-07,12,3,0,5,Football,31,62.0
2026-05-03,17,6,1,5,Football,72,100.0
2026-03-28,9,5,1,3,Badminton,42,100.0
2026-08-17,21,0,0,8,Volleyball,7,35.0
2026-07-17,7,4,0,7,Gym,44,100.0
2026-06-04,16,3,0,6,Tennis,26,100.0
2026-05-10,21,6,1,5,Football,34,68.0
2026-07-09,14,3,0,7,Tennis,26,100.0
2026-07-26,10,6,1,7,Badminton,45,100.0
2026-06-17,21,2,0,6,Volleyball,7,35.0
2026-07-07,17,1,0,7,Tennis,53,100.0
2026-08-23,11,6,1,8,Tennis,33,100.0
2026-08-26,22,2,0,8,Tennis,22,100.0
2026-08-24,6,0,0,8,Badminton,32,100.0
2026-04-23,18,3,0,4,Volleyball,31,100.0
2026-05-23,17,5,1,5,Volleyball,58,100.0
2026-05-06,11,2,0,5,Volleyball,11,55.0
2026-04-30,14,3,0,4,Tennis,32,100.0
2026-05-27,17,2,0,5,Football,52,100.0
2026-06-17,12,2,0,6,Tennis,34,100.0
2026-06-04,17,3,0,6,Gym,56,100.0
2026-05-11,20,0,0,5,Football,54,100.0
2026-04-03,13,4,0,4,Gym,34,100.0
2026-05-09,13,5,1,5,Volleyball,34,100.0
2026-06-06,12,5,1,6,Football,55,100.0
2026-04-08,21,2,0,4,Gym,27,90.0
2026-04-15,19,2,0,4,Tennis,42,100.0
2026-08-09,22,6,1,8,Volleyball,18,90.0
2026-05-20,21,2,0,5,Basketball,21,100.0
2026-07-22,7,2,0,7,Tennis,28,100.0
2026-08-24,11,0,0,8,Badminton,25,83.3
2026-05-05,21,1,0,5,Gym,37,100.0
2026-03-25,20,2,0,3,Cricket,35,100.0
2026-05-06,17,2,0,5,Basketball,48,100.0
2026-07-21,14,1,0,7,Basketball,23,100.0
2026-06-14,9,6,1,6,Basketball,40,100.0
2026-08-21,12,4,0,8,Volleyball,22,100.0
2026-08-14,11,4,0,8,Gym,31,100.0
2026-05-30,16,5,1,5,Cricket,30,100.0
2026-07-03,20,4,0,7,Badminton,51,100.0
2026-08-05,15,2,0,8,Tennis,27,100.0
2026-04-07,11,1,0,4,Cricket,19,95.0
2026-05-26,19,1,0,5,Cricket,39,100.0
2026-07-25,18,5,1,7,Gym,66,100.0
2026-03-21,11,5,1,3,Basketball,35,100.0
2026-05-20,16,2,0,5,Cricket,11,55.0
2026-05-08,18,4,0,5,Basketball,47,100.0
2026-06-01,22,0,0,6,Tennis,23,100.0
2026-04-12,11,6,1,4,Gym,42,100.0
2026-04-02,13,3,0,4,Cricket,17,85.0
2026-08-27,8,3,0,8,Football,34,68.0
2026-06-10,9,2,0,6,Badminton,33,100.0
2026-06-30,7,1,0,6,Badminton,44,100.0
2026-06-10,22,2,0,6,Gym,28,93.3
2026-03-27,14,4,0,3,Volleyball,15,75.0
2026-03-22,18,6,1,3,Basketball,58,100.0
2026-05-03,15,6,1,5,Tennis,42,100.0
2026-04-02,10,3,0,4,Volleyball,20,100.0
2026-04-13,6,0,0,4,Badminton,32,100.0
2026-05-31,16,6,1,5,Gym,49,100.0
2026-06-28,14,6,1,6,Volleyball,35,100.0
2026-04-04,11,5,1,4,Volleyball,31,100.0
2026-06-25,19,3,0,6,Volleyball,40,100.0
2026-08-11,15,1,0,8,Basketball,24,100.0
2026-07-17,13,4,0,7,Gym,34,100.0
2026-06-22,15,0,0,6,Basketball,23,100.0
2026-05-06,10,2,0,5,Basketball,17,85.0
2026-03-01,22,6,1,3,Gym,39,100.0
2026-04-04,17,5,1,4,Basketball,62,100.0
2026-07-15,6,2,0,7,Cricket,14,70.0
2026-07-01,15,2,0,7,Badminton,34,100.0
2026-06-19,15,4,0,6,Volleyball,10,50.0
2026-03-02,17,0,0,3,Football,51,100.0
2026-07-22,19,2,0,7,Tennis,43,100.0
2026-04-11,18,5,1,4,Gym,71,100.0
2026-04-26,14,6,1,4,Badminton,49,100.0
2026-08-08,13,5,1,8,Volleyball,40,100.0
2026-08-04,14,1,0,8,Basketball,33,100.0
2026-07-15,14,2,0,7,Tennis,26,100.0
2026-03-18,11,2,0,3,Football,26,52.0
2026-03-29,20,6,1,3,Volleyball,37,100.0
2026-05-09,21,5,1,5,Football,27,54.0
2026-03-05,10,3,0,3,Badminton,30,100.0
2026-03-06,11,4,0,3,Badminton,26,86.7
2026-05-08,10,4,0,5,Cricket,14,70.0
2026-03-03,13,1,0,3,Badminton,30,100.0
2026-03-04,21,2,0,3,Football,27,54.0
2026-06-16,15,1,0,6,Gym,39,100.0
2026-07-06,17,0,0,7,Tennis,51,100.0
2026-03-09,16,0,0,3,Badminton,35,100.0
2026-04-07,7,1,0,4,Basketball,39,100.0
2026-06-09,8,1,0,6,Volleyball,24,100.0
2026-04-16,12,3,0,4,Gym,37,100.0
2026-06-06,6,5,1,6,Badminton,34,100.0
2026-05-03,18,6,1,5,Gym,72,100.0
2026-05-03,7,6,1,5,Football,39,78.0
2026-03-25,22,2,0,3,Cricket,10,50.0
2026-06-30,18,1,0,6,Cricket,34,100.0
2026-05-22,11,4,0,5,Cricket,18,90.0
2026-03-11,22,2,0,3,Badminton,26,86.7
2026-07-02,15,3,0,7,Football,27,54.0
2026-03-14,12,5,1,3,Badminton,46,100.0
2026-08-10,19,0,0,8,Basketball,40,100.0
2026-04-12,14,6,1,4,Volleyball,29,100.0
2026-06-10,13,2,0,6,Badminton,28,93.3
2026-07-27,21,0,0,7,Cricket,16,80.0
2026-04-09,17,3,0,4,Gym,51,100.0
2026-05-03,11,6,1,5,Tennis,33,100.0
2026-08-23,16,6,1,8,Gym,52,100.0
2026-03-16,7,0,0,3,Basketball,37,100.0
2026-04-09,9,3,0,4,Football,39,78.0
2026-04-29,16,2,0,4,Volleyball,19,95.0
2026-08-13,17,3,0,8,Gym,57,100.0
2026-04-19,6,6,1,4,Cricket,13,65.0
2026-05-31,10,6,1,5,Basketball,32,100.0
2026-07-03,20,4,0,7,Volleyball,34,100.0
2026-07-17,21,4,0,7,Football,31,62.0
2026-04-17,17,4,0,4,Basketball,51,100.0
2026-06-28,14,6,1,6,Gym,61,100.0
2026-08-01,11,5,1,8,Badminton,45,100.0
2026-04-09,20,3,0,4,Basketball,53,100.0
2026-05-07,17,3,0,5,Tennis,40,100.0
2026-08-11,22,1,0,8,Tennis,28,100.0
2026-04-17,6,4,0,4,Volleyball,20,100.0
2026-06-02,13,1,0,6,Basketball,34,100.0
2026-03-17,18,1,0,3,Football,53,100.0
2026-08-22,21,5,1,8,Gym,35,100.0
2026-04-09,15,3,0,4,Basketball,23,100.0
2026-08-12,16,2,0,8,Badminton,23,76.7
2026-07-12,8,6,1,7,Badminton,45,100.0
2026-04-03,11,4,0,4,Gym,27,90.0
2026-04-21,9,1,0,4,Tennis,30,100.0
2026-03-26,7,3,0,3,Volleyball,27,100.0
2026-06-08,21,0,0,6,Volleyball,16,80.0
2026-08-27,14,3,0,8,Badminton,33,100.0
2026-04-26,8,6,1,4,Badminton,35,100.0
2026-08-15,21,5,1,8,Gym,28,93.3
2026-06-28,7,6,1,6,Basketball,35,100.0
2026-06-15,17,0,0,6,Gym,61,100.0
2026-03-15,14,6,1,3,Volleyball,28,100.0
2026-03-19,15,3,0,3,Badminton,25,83.3
2026-07-11,9,5,1,7,Badminton,43,100.0
2026-04-29,18,2,0,4,Football,48,96.0
2026-07-13,13,0,0,7,Volleyball,23,100.0
2026-04-15,19,2,0,4,Cricket,31,100.0
2026-08-11,17,1,0,8,Cricket,37,100.0
2026-08-27,19,3,0,8,Badminton,47,100.0
2026-04-16,18,3,0,4,Volleyball,35,100.0
2026-08-16,11,6,1,8,Volleyball,31,100.0
2026-06-22,17,0,0,6,Basketball,48,100.0
2026-05-23,17,5,1,5,Tennis,67,100.0
2026-08-10,19,0,0,8,Gym,61,100.0
2026-05-22,13,4,0,5,Volleyball,21,100.0
2026-04-24,18,4,0,4,Gym,58,100.0
2026-05-05,17,1,0,5,Tennis,47,100.0
2026-06-10,6,2,0,6,Cricket,7,35.0
2026-05-12,6,1,0,5,Volleyball,9,45.0
2026-05-17,6,6,1,5,Basketball,20,100.0
2026-04-24,16,4,0,4,Badminton,34,100.0
2026-08-24,14,0,0,8,Volleyball,21,100.0
2026-07-21,10,1,0,7,Badminton,22,73.3
2026-06-26,17,4,0,6,Football,47,94.0
2026-05-07,17,3,0,5,Volleyball,33,100.0
2026-04-29,14,2,0,4,Gym,37,100.0
2026-03-24,18,1,0,3,Volleyball,33,100.0
2026-03-20,16,4,0,3,Gym,34,100.0
2026-04-14,21,1,0,4,Gym,38,100.0
2026-08-27,9,3,0,8,Volleyball,27,100.0
2026-05-16,7,5,1,5,Cricket,29,100.0
2026-07-26,18,6,1,7,Badminton,72,100.0
2026-03-15,16,6,1,3,Basketball,45,100.0
2026-06-20,19,5,1,6,Gym,51,100.0
2026-04-28,6,1,0,4,Cricket,19,95.0
2026-08-09,18,6,1,8,Badminton,64,100.0
2026-07-13,7,0,0,7,Basketball,35,100.0
2026-07-23,10,3,0,7,Basketball,25,100.0
2026-08-26,13,2,0,8,Football,28,56.0
2026-08-20,18,3,0,8,Tennis,52,100.0
2026-07-31,22,4,0,7,Badminton,25,83.3
2026-06-19,15,4,0,6,Gym,33,100.0
2026-04-07,10,1,0,4,Basketball,18,90.0
2026-06-30,7,1,0,6,Volleyball,23,100.0
2026-05-07,8,3,0,5,Tennis,35,100.0
2026-06-20,10,5,1,6,Gym,44,100.0
2026-07-02,12,3,0,7,Tennis,29,100.0
2026-08-14,12,4,0,8,Volleyball,22,100.0
2026-07-13,13,0,0,7,Football,29,58.0
2026-05-08,19,4,0,5,Basketball,50,100.0
2026-07-26,8,6,1,7,Badminton,42,100.0
2026-06-14,19,6,1,6,Basketball,45,100.0
2026-04-18,16,5,1,4,Basketball,41,100.0
2026-08-15,6,5,1,8,Gym,31,100.0
2026-04-13,17,0,0,4,Volleyball,43,100.0
2026-06-22,10,0,0,6,Tennis,17,85.0
2026-04-29,12,2,0,4,Cricket,18,90.0
2026-04-09,8,3,0,4,Badminton,43,100.0
2026-03-14,13,5,1,3,Volleyball,30,100.0
2026-05-13,6,2,0,5,Basketball,28,100.0
2026-03-29,15,6,1,3,Tennis,39,100.0
2026-03-06,16,4,0,3,Football,33,66.0
2026-07-16,12,3,0,7,Football,36,72.0
2026-07-12,14,6,1,7,Volleyball,35,100.0
2026-08-07,10,4,0,8,Cricket,18,90.0
2026-08-19,6,2,0,8,Tennis,26,100.0
2026-08-17,22,0,0,8,Badminton,26,86.7
2026-04-13,7,0,0,4,Basketball,30,100.0
2026-08-26,14,2,0,8,Badminton,35,100.0
2026-08-15,6,5,1,8,Badminton,28,93.3
2026-08-17,14,0,0,8,Cricket,26,100.0
2026-08-16,17,6,1,8,Gym,66,100.0
2026-03-05,15,3,0,3,Gym,37,100.0
2026-06-07,13,6,1,6,Tennis,46,100.0
2026-03-26,16,3,0,3,Tennis,30,100.0
2026-07-31,8,4,0,7,Football,35,70.0
2026-07-07,20,1,0,7,Volleyball,41,100.0
2026-03-06,7,4,0,3,Football,40,80.0
2026-05-18,16,0,0,5,Tennis,23,100.0
2026-04-10,6,4,0,4,Basketball,27,100.0
2026-05-30,17,5,1,5,Cricket,49,100.0
2026-04-30,22,3,0,4,Basketball,29,100.0
2026-03-16,14,0,0,3,Tennis,36,100.0
2026-03-08,14,6,1,3,Football,45,90.0
2026-05-27,18,2,0,5,Cricket,32,100.0
2026-03-23,18,0,0,3,Volleyball,40,100.0
2026-08-04,13,1,0,8,Tennis,26,100.0
2026-07-25,10,5,1,7,Tennis,36,100.0
2026-08-02,16,6,1,8,Tennis,40,100.0
2026-04-03,12,4,0,4,Cricket,15,75.0
2026-07-27,12,0,0,7,Gym,35,100.0
2026-05-19,22,1,0,5,Football,28,56.0
2026-04-07,11,1,0,4,Basketball,18,90.0
2026-07-21,9,1,0,7,Football,37,74.0
2026-04-07,6,1,0,4,Gym,32,100.0
2026-06-14,19,6,1,6,Basketball,47,100.0
2026-08-11,14,1,0,8,Football,40,80.0
2026-04-18,9,5,1,4,Football,34,68.0
2026-03-07,14,5,1,3,Volleyball,37,100.0
2026-08-04,13,1,0,8,Volleyball,16,80.0
2026-04-29,6,2,0,4,Basketball,18,90.0
2026-08-24,21,0,0,8,Football,30,60.0
2026-08-02,21,6,1,8,Cricket,17,85.0
2026-06-04,11,3,0,6,Gym,33,100.0
2026-07-04,21,5,1,7,Football,24,48.0
2026-04-19,13,6,1,4,Badminton,49,100.0
2026-03-04,14,2,0,3,Tennis,26,100.0
2026-08-19,12,2,0,8,Gym,36,100.0
2026-03-17,11,1,0,3,Tennis,30,100.0
2026-08-05,21,2,0,8,Cricket,12,60.0
2026-06-26,13,4,0,6,Tennis,29,100.0
2026-03-11,18,2,0,3,Cricket,35,100.0
2026-06-09,22,1,0,6,Cricket,18,90.0
2026-03-10,22,1,0,3,Badminton,29,96.7
2026-06-25,7,3,0,6,Football,40,80.0
2026-07-16,18,3,0,7,Cricket,30,100.0
2026-07-21,18,1,0,7,Volleyball,42,100.0
2026-08-09,7,6,1,8,Football,36,72.0
2026-06-21,18,6,1,6,Basketball,67,100.0
2026-05-13,20,2,0,5,Football,51,100.0
2026-05-15,7,4,0,5,Cricket,25,100.0
2026-04-06,20,0,0,4,Gym,60,100.0
2026-06-24,8,2,0,6,Cricket,25,100.0
2026-03-29,11,6,1,3,Gym,51,100.0
2026-08-26,10,2,0,8,Tennis,23,100.0
2026-05-22,20,4,0,5,Badminton,47,100.0
2026-06-25,12,3,0,6,Tennis,24,100.0
2026-05-04,16,0,0,5,Cricket,17,85.0
2026-04-11,9,5,1,4,Badminton,33,100.0
2026-08-28,20,4,0,8,Cricket,35,100.0
2026-03-22,22,6,1,3,Cricket,13,65.0
2026-07-09,11,3,0,7,Tennis,25,100.0
2026-06-06,7,5,1,6,Gym,39,100.0
2026-05-25,10,0,0,5,Football,35,70.0
2026-04-07,11,1,0,4,Gym,38,100.0
2026-03-14,19,5,1,3,Basketball,44,100.0
2026-06-23,15,1,0,6,Cricket,9,45.0
2026-03-31,10,1,0,3,Football,22,44.0
2026-08-07,14,4,0,8,Badminton,35,100.0
2026-07-06,21,0,0,7,Volleyball,19,95.0
2026-03-02,21,0,0,3,Football,25,50.0
2026-07-29,21,2,0,7,Tennis,23,100.0
2026-06-22,8,0,0,6,Volleyball,26,100.0
2026-03-02,13,0,0,3,Volleyball,17,85.0
2026-08-06,12,3,0,8,Badminton,30,100.0
2026-04-07,7,1,0,4,Cricket,22,100.0
2026-03-10,10,1,0,3,Gym,27,90.0
2026-08-18,15,1,0,8,Basketball,18,90.0
2026-03-13,9,4,0,3,Tennis,29,100.0
2026-04-11,15,5,1,4,Volleyball,32,100.0
2026-08-25,11,1,0,8,Tennis,28,100.0
2026-07-27,17,0,0,7,Badminton,46,100.0
2026-05-16,16,5,1,5,Basketball,38,100.0
2026-03-18,19,2,0,3,Gym,58,100.0
2026-03-17,15,1,0,3,Tennis,19,95.0
2026-04-01,14,2,0,4,Basketball,31,100.0
2026-06-14,22,6,1,6,Football,33,66.0
2026-04-23,7,3,0,4,Badminton,41,100.0
2026-08-09,22,6,1,8,Badminton,29,96.7
2026-08-24,15,0,0,8,Tennis,26,100.0
2026-05-21,14,3,0,5,Volleyball,22,100.0
2026-08-07,17,4,0,8,Football,54,100.0
2026-07-23,21,3,0,7,Volleyball,18,90.0
2026-08-09,21,6,1,8,Tennis,29,100.0
2026-04-16,13,3,0,4,Cricket,17,85.0
2026-04-19,6,6,1,4,Badminton,22,73.3
2026-06-28,9,6,1,6,Cricket,30,100.0
2026-04-23,19,3,0,4,Tennis,40,100.0
2026-05-25,17,0,0,5,Volleyball,42,100.0
2026-08-11,12,1,0,8,Badminton,38,100.0
2026-04-21,15,1,0,4,Basketball,29,100.0
2026-03-18,15,2,0,3,Basketball,25,100.0
2026-07-19,16,6,1,7,Gym,42,100.0
2026-03-30,16,0,0,3,Basketball,23,100.0
2026-07-24,6,4,0,7,Gym,29,96.7
2026-04-19,16,6,1,4,Gym,47,100.0
2026-08-20,21,3,0,8,Tennis,29,100.0
2026-03-10,10,1,0,3,Tennis,19,95.0
2026-08-08,20,5,1,8,Gym,58,100.0
2026-05-25,20,0,0,5,Gym,63,100.0
2026-06-14,7,6,1,6,Gym,45,100.0
2026-05-16,16,5,1,5,Volleyball,30,100.0
2026-03-05,12,3,0,3,Volleyball,23,100.0
2026-05-24,17,6,1,5,Badminton,62,100.0
2026-05-11,6,0,0,5,Basketball,23,100.0
2026-08-08,11,5,1,8,Volleyball,31,100.0
2026-06-08,11,0,0,6,Volleyball,8,40.0
2026-05-18,16,0,0,5,Cricket,7,35.0
2026-05-09,19,5,1,5,Badminton,52,100.0
2026-04-30,17,3,0,4,Tennis,53,100.0
2026-05-17,12,6,1,5,Volleyball,32,100.0
2026-04-14,9,1,0,4,Basketball,39,100.0
2026-03-10,12,1,0,3,Badminton,35,100.0
2026-07-08,6,2,0,7,Gym,34,100.0
2026-07-07,10,1,0,7,Football,27,54.0
2026-07-02,22,3,0,7,Basketball,29,100.0
2026-05-23,10,5,1,5,Gym,55,100.0
2026-03-26,22,3,0,3,Cricket,9,45.0
2026-04-22,7,2,0,4,Tennis,33,100.0
2026-07-12,9,6,1,7,Badminton,36,100.0
2026-03-12,8,3,0,3,Basketball,34,100.0
2026-03-12,9,3,0,3,Volleyball,29,100.0
2026-08-16,15,6,1,8,Badminton,46,100.0
2026-05-19,12,1,0,5,Basketball,26,100.0
2026-04-19,15,6,1,4,Basketball,40,100.0
2026-05-21,20,3,0,5,Cricket,31,100.0
2026-05-09,10,5,1,5,Football,41,82.0
2026-03-30,6,0,0,3,Volleyball,15,75.0
2026-07-10,9,4,0,7,Football,40,80.0
2026-05-29,16,4,0,5,Basketball,19,95.0
2026-08-28,15,4,0,8,Volleyball,10,50.0
2026-04-13,8,0,0,4,Basketball,36,100.0
2026-05-26,20,1,0,5,Badminton,47,100.0
2026-03-08,21,6,1,3,Cricket,7,35.0
2026-03-28,18,5,1,3,Badminton,61,100.0
2026-06-18,18,3,0,6,Football,56,100.0
2026-07-31,20,4,0,7,Volleyball,35,100.0
2026-05-19,16,1,0,5,Gym,30,100.0
2026-08-19,8,2,0,8,Gym,49,100.0
2026-06-28,10,6,1,6,Badminton,50,100.0
2026-08-26,20,2,0,8,Badminton,52,100.0
2026-05-19,20,1,0,5,Tennis,43,100.0
2026-04-27,10,0,0,4,Gym,36,100.0
2026-05-06,17,2,0,5,Tennis,42,100.0
2026-08-27,16,3,0,8,Gym,40,100.0
2026-05-23,20,5,1,5,Tennis,40,100.0
2026-03-17,21,1,0,3,Badminton,27,90.0
2026-07-01,20,2,0,7,Gym,52,100.0
2026-05-12,17,1,0,5,Volleyball,39,100.0
2026-04-02,22,3,0,4,Badminton,28,93.3
2026-03-28,16,5,1,3,Volleyball,32,100.0
2026-03-19,15,3,0,3,Volleyball,14,70.0
2026-06-11,19,3,0,6,Football,54,100.0
2026-05-02,11,5,1,5,Tennis,38,100.0
2026-03-17,16,1,0,3,Football,35,70.0
2026-08-25,19,1,0,8,Gym,56,100.0
2026-07-24,16,4,0,7,Volleyball,18,90.0
2026-04-30,11,3,0,4,Cricket,17,85.0
2026-03-20,21,4,0,3,Badminton,31,100.0
2026-07-31,20,4,0,7,Basketball,48,100.0
2026-03-25,20,2,0,3,Football,49,98.0
2026-06-12,8,4,0,6,Volleyball,18,90.0
2026-08-23,18,6,1,8,Basketball,62,100.0
2026-08-13,7,3,0,8,Badminton,35,100.0
2026-04-05,6,6,1,4,Gym,29,96.7
2026-08-17,10,0,0,8,Tennis,25,100.0
2026-05-14,18,3,0,5,Volleyball,39,100.0
2026-06-23,12,1,0,6,Football,38,76.0
2026-05-21,15,3,0,5,Volleyball,19,95.0
2026-08-21,15,4,0,8,Tennis,28,100.0
2026-05-28,8,3,0,5,Volleyball,17,85.0
2026-08-04,22,1,0,8,Tennis,30,100.0
2026-04-02,15,3,0,4,Badminton,27,90.0
2026-07-19,7,6,1,7,Badminton,43,100.0
2026-07-22,17,2,0,7,Badminton,58,100.0
2026-05-12,6,1,0,5,Football,28,56.0
2026-08-27,18,3,0,8,Cricket,35,100.0
2026-06-06,18,5,1,6,Tennis,61,100.0
2026-07-18,12,5,1,7,Cricket,30,100.0
2026-06-30,10,1,0,6,Football,30,60.0
2026-06-07,17,6,1,6,Gym,71,100.0
2026-04-09,15,3,0,4,Gym,37,100.0
2026-04-02,10,3,0,4,Badminton,23,76.7
2026-08-13,6,3,0,8,Football,33,66.0
2026-07-03,19,4,0,7,Football,46,92.0
2026-04-05,19,6,1,4,Gym,57,100.0
2026-08-26,19,2,0,8,Volleyball,32,100.0
2026-06-25,22,3,0,6,Tennis,25,100.0
2026-06-24,18,2,0,6,Basketball,43,100.0
2026-04-17,19,4,0,4,Volleyball,30,100.0
2026-07-26,21,6,1,7,Gym,38,100.0
2026-04-30,22,3,0,4,Basketball,23,100.0
2026-07-18,17,5,1,7,Badminton,60,100.0
2026-07-24,21,4,0,7,Cricket,12,60.0
2026-03-29,21,6,1,3,Cricket,8,40.0
2026-04-06,22,0,0,4,Gym,39,100.0
2026-05-11,20,0,0,5,Volleyball,31,100.0
2026-07-12,8,6,1,7,Football,39,78.0
2026-08-09,8,6,1,8,Cricket,27,100.0
2026-07-17,15,4,0,7,Volleyball,7,35.0
2026-05-27,6,2,0,5,Tennis,24,100.0
2026-07-10,21,4,0,7,Volleyball,18,90.0
2026-05-24,19,6,1,5,Basketball,52,100.0
2026-05-15,15,4,0,5,Football,22,44.0
2026-08-25,15,1,0,8,Cricket,19,95.0
2026-07-23,14,3,0,7,Badminton,38,100.0
2026-06-30,11,1,0,6,Volleyball,7,35.0
2026-08-16,15,6,1,8,Gym,53,100.0
2026-08-07,6,4,0,8,Basketball,24,100.0
2026-03-22,10,6,1,3,Volleyball,23,100.0
2026-05-11,14,0,0,5,Football,37,74.0
2026-05-11,14,0,0,5,Gym,37,100.0
2026-03-04,9,2,0,3,Volleyball,19,95.0
2026-07-30,10,3,0,7,Cricket,14,70.0
2026-06-03,11,2,0,6,Basketball,29,100.0
2026-08-27,13,3,0,8,Tennis,25,100.0
2026-07-14,7,1,0,7,Basketball,28,100.0
2026-04-07,10,1,0,4,Gym,34,100.0
2026-06-14,18,6,1,6,Football,70,100.0
2026-06-21,11,6,1,6,Football,46,92.0
2026-05-28,7,3,0,5,Cricket,21,100.0
2026-03-30,7,0,0,3,Football,39,78.0
2026-06-11,21,3,0,6,Basketball,24,100.0
2026-07-15,13,2,0,7,Tennis,33,100.0
2026-08-28,18,4,0,8,Tennis,44,100.0
2026-04-07,22,1,0,4,Gym,33,100.0
2026-03-04,15,2,0,3,Gym,34,100.0
2026-06-06,16,5,1,6,Volleyball,32,100.0
2026-03-11,9,2,0,3,Volleyball,27,100.0
2026-05-30,19,5,1,5,Volleyball,40,100.0
2026-05-09,16,5,1,5,Basketball,36,100.0
2026-03-26,14,3,0,3,Cricket,22,100.0
2026-06-09,20,1,0,6,Gym,60,100.0
2026-05-01,12,4,0,5,Volleyball,18,90.0
2026-08-21,11,4,0,8,Basketball,25,100.0
2026-03-03,6,1,0,3,Gym,28,93.3
2026-03-04,19,2,0,3,Badminton,53,100.0
2026-03-27,20,4,0,3,Basketball,43,100.0
2026-05-12,14,1,0,5,Football,28,56.0
2026-03-07,8,5,1,3,Badminton,41,100.0
2026-08-16,12,6,1,8,Volleyball,38,100.0
2026-04-01,9,2,0,4,Badminton,45,100.0
2026-08-02,10,6,1,8,Tennis,42,100.0
2026-08-13,11,3,0,8,Badminton,33,100.0
2026-04-17,14,4,0,4,Basketball,30,100.0
2026-08-17,8,0,0,8,Cricket,24,100.0
2026-05-10,19,6,1,5,Cricket,40,100.0
2026-05-22,14,4,0,5,Football,40,80.0
2026-03-19,14,3,0,3,Gym,33,100.0
2026-06-06,18,5,1,6,Basketball,55,100.0
2026-05-06,14,2,0,5,Football,35,70.0
2026-03-18,21,2,0,3,Football,31,62.0
2026-06-09,11,1,0,6,Cricket,14,70.0
2026-03-28,10,5,1,3,Volleyball,34,100.0
2026-06-19,12,4,0,6,Volleyball,23,100.0
2026-03-28,20,5,1,3,Cricket,34,100.0
2026-03-27,7,4,0,3,Badminton,33,100.0
2026-07-25,14,5,1,7,Gym,55,100.0
2026-03-05,21,3,0,3,Football,32,64.0
2026-08-11,6,1,0,8,Badminton,32,100.0
2026-06-08,14,0,0,6,Football,39,78.0
2026-05-24,18,6,1,5,Volleyball,45,100.0
2026-07-10,21,4,0,7,Tennis,23,100.0
2026-06-12,8,4,0,6,Volleyball,20,100.0
2026-03-01,18,6,1,3,Cricket,58,100.0
2026-07-02,9,3,0,7,Volleyball,25,100.0
2026-05-31,16,6,1,5,Cricket,26,100.0
2026-06-11,7,3,0,6,Cricket,27,100.0
2026-03-24,17,1,0,3,Volleyball,43,100.0
2026-05-27,8,2,0,5,Gym,44,100.0
2026-05-14,12,3,0,5,Football,36,72.0
2026-03-11,18,2,0,3,Cricket,33,100.0
2026-05-16,18,5,1,5,Badminton,70,100.0
2026-08-24,17,0,0,8,Tennis,41,100.0
2026-08-09,20,6,1,8,Cricket,33,100.0
2026-04-05,7,6,1,4,Football,32,64.0
2026-07-30,13,3,0,7,Tennis,29,100.0
2026-03-17,15,1,0,3,Tennis,25,100.0
2026-06-24,6,2,0,6,Badminton,27,90.0
2026-03-15,16,6,1,3,Gym,53,100.0
2026-03-11,18,2,0,3,Badminton,48,100.0
2026-08-15,22,5,1,8,Tennis,27,100.0
2026-07-16,10,3,0,7,Cricket,16,80.0
2026-04-29,8,2,0,4,Badminton,43,100.0
2026-04-06,21,0,0,4,Cricket,7,35.0
2026-06-29,7,0,0,6,Football,43,86.0
2026-08-14,10,4,0,8,Badminton,24,80.0
2026-08-09,7,6,1,8,Basketball,40,100.0
2026-03-25,20,2,0,3,Volleyball,32,100.0
2026-07-30,8,3,0,7,Gym,50,100.0
2026-03-28,9,5,1,3,Tennis,36,100.0
2026-08-05,13,2,0,8,Badminton,40,100.0
2026-04-21,19,1,0,4,Basketball,52,100.0
2026-08-21,18,4,0,8,Basketball,41,100.0
2026-08-23,10,6,1,8,Basketball,45,100.0
2026-04-24,7,4,0,4,Volleyball,19,95.0
2026-05-25,8,0,0,5,Badminton,36,100.0
2026-04-06,19,0,0,4,Football,56,100.0
2026-06-03,11,2,0,6,Tennis,20,100.0
2026-07-27,7,0,0,7,Football,33,66.0
2026-08-09,18,6,1,8,Gym,67,100.0
2026-03-05,21,3,0,3,Badminton,22,73.3
2026-03-02,11,0,0,3,Badminton,33,100.0
2026-08-14,15,4,0,8,Tennis,28,100.0
2026-06-30,10,1,0,6,Football,24,48.0
2026-08-11,14,1,0,8,Volleyball,20,100.0
2026-06-14,13,6,1,6,Football,52,100.0
2026-08-25,7,1,0,8,Volleyball,19,95.0
2026-07-06,8,0,0,7,Cricket,30,100.0
2026-05-17,17,6,1,5,Tennis,55,100.0
2026-07-21,13,1,0,7,Football,29,58.0
2026-07-14,9,1,0,7,Volleyball,22,100.0
2026-07-17,22,4,0,7,Football,29,58.0
2026-08-08,12,5,1,8,Basketball,38,100.0
2026-04-19,9,6,1,4,Gym,39,100.0
2026-08-23,21,6,1,8,Tennis,19,95.0
2026-04-10,7,4,0,4,Badminton,42,100.0
2026-06-02,15,1,0,6,Football,28,56.0
2026-05-04,16,0,0,5,Volleyball,19,95.0
2026-06-25,7,3,0,6,Badminton,43,100.0
2026-03-14,11,5,1,3,Football,49,98.0
2026-03-08,21,6,1,3,Volleyball,8,40.0
2026-03-19,13,3,0,3,Cricket,20,100.0
2026-07-30,16,3,0,7,Tennis,20,100.0
2026-08-21,16,4,0,8,Football,34,68.0
2026-03-29,16,6,1,3,Football,38,76.0
2026-04-30,19,3,0,4,Gym,53,100.0
2026-06-05,13,4,0,6,Badminton,35,100.0
2026-07-28,21,1,0,7,Badminton,28,93.3
2026-04-07,12,1,0,4,Volleyball,20,100.0
2026-04-15,18,2,0,4,Basketball,42,100.0
2026-06-26,12,4,0,6,Cricket,18,90.0
2026-05-09,12,5,1,5,Basketball,40,100.0
2026-03-09,7,0,0,3,Basketball,29,100.0
2026-03-29,20,6,1,3,Tennis,46,100.0
2026-04-13,16,0,0,4,Football,26,52.0
2026-08-02,11,6,1,8,Gym,54,100.0
2026-08-11,11,1,0,8,Volleyball,15,75.0
2026-04-28,8,1,0,4,Tennis,40,100.0
2026-07-12,21,6,1,7,Gym,30,100.0
2026-07-30,21,3,0,7,Gym,34,100.0
2026-05-11,6,0,0,5,Cricket,13,65.0
2026-05-03,13,6,1,5,Basketball,44,100.0
2026-07-27,13,0,0,7,Volleyball,15,75.0
2026-07-25,6,5,1,7,Tennis,17,85.0
2026-03-11,21,2,0,3,Cricket,19,95.0
2026-07-08,7,2,0,7,Tennis,35,100.0
2026-06-09,21,1,0,6,Gym,39,100.0
2026-08-26,9,2,0,8,Tennis,34,100.0
2026-05-01,8,4,0,5,Volleyball,29,100.0
2026-03-04,19,2,0,3,Football,47,94.0
2026-05-31,15,6,1,5,Football,47,94.0
2026-03-24,6,1,0,3,Tennis,27,100.0
2026-05-18,11,0,0,5,Cricket,14,70.0
2026-07-25,6,5,1,7,Tennis,24,100.0
2026-04-05,18,6,1,4,Football,72,100.0
2026-06-03,20,2,0,6,Cricket,40,100.0
2026-03-01,8,6,1,3,Tennis,38,100.0
2026-05-25,22,0,0,5,Badminton,26,86.7
2026-06-18,14,3,0,6,Cricket,22,100.0
2026-07-17,12,4,0,7,Gym,43,100.0
2026-03-21,16,5,1,3,Cricket,22,100.0
2026-07-10,17,4,0,7,Badminton,46,100.0
2026-06-07,17,6,1,6,Tennis,64,100.0
2026-03-11,17,2,0,3,Basketball,42,100.0
2026-08-13,8,3,0,8,Volleyball,28,100.0
2026-04-22,10,2,0,4,Basketball,20,100.0
2026-07-17,9,4,0,7,Cricket,24,100.0
2026-07-27,12,0,0,7,Gym,44,100.0
2026-04-27,16,0,0,4,Basketball,21,100.0
2026-07-07,19,1,0,7,Basketball,40,100.0
2026-03-17,17,1,0,3,Basketball,47,100.0
2026-07-03,22,4,0,7,Volleyball,20,100.0
2026-04-01,21,2,0,4,Cricket,15,75.0
2026-08-21,15,4,0,8,Tennis,26,100.0
2026-06-03,8,2,0,6,Football,39,78.0
2026-03-23,8,0,0,3,Tennis,29,100.0
2026-05-13,8,2,0,5,Badminton,34,100.0
2026-05-10,9,6,1,5,Cricket,19,95.0
2026-07-06,10,0,0,7,Gym,30,100.0
2026-07-12,6,6,1,7,Basketball,23,100.0
2026-08-22,10,5,1,8,Tennis,37,100.0
2026-06-16,20,1,0,6,Cricket,40,100.0
2026-03-06,15,4,0,3,Football,23,46.0
2026-03-06,13,4,0,3,Gym,41,100.0
2026-08-13,16,3,0,8,Tennis,26,100.0
2026-05-27,16,2,0,5,Tennis,26,100.0
2026-08-18,22,1,0,8,Gym,35,100.0
2026-06-22,20,0,0,6,Basketball,49,100.0
2026-04-03,15,4,0,4,Football,34,68.0
2026-05-06,13,2,0,5,Tennis,28,100.0
2026-05-13,7,2,0,5,Football,37,74.0
2026-05-12,20,1,0,5,Football,54,100.0
2026-04-11,15,5,1,4,Football,39,78.0
2026-08-25,10,1,0,8,Football,25,50.0
2026-03-30,7,0,0,3,Basketball,36,100.0
2026-04-02,20,3,0,4,Basketball,45,100.0
2026-04-17,12,4,0,4,Volleyball,24,100.0
2026-03-09,16,0,0,3,Basketball,19,95.0
2026-06-04,20,3,0,6,Volleyball,32,100.0
2026-07-15,15,2,0,7,Badminton,22,73.3
2026-06-12,21,4,0,6,Gym,29,96.7
2026-06-26,16,4,0,6,Football,22,44.0
2026-07-18,22,5,1,7,Basketball,27,100.0
2026-08-28,15,4,0,8,Tennis,21,100.0
2026-07-25,10,5,1,7,Gym,51,100.0
2026-06-22,16,0,0,6,Cricket,8,40.0
2026-07-01,7,2,0,7,Football,42,84.0
2026-07-20,9,0,0,7,Basketball,27,100.0
2026-06-11,13,3,0,6,Tennis,28,100.0
2026-03-24,16,1,0,3,Badminton,31,100.0
2026-08-12,12,2,0,8,Volleyball,21,100.0
2026-04-26,14,6,1,4,Football,43,86.0
2026-03-22,20,6,1,3,Cricket,40,100.0
2026-03-23,22,0,0,3,Tennis,20,100.0
2026-07-04,16,5,1,7,Volleyball,31,100.0
2026-07-09,7,3,0,7,Cricket,22,100.0
2026-06-10,10,2,0,6,Cricket,20,100.0
2026-06-18,17,3,0,6,Tennis,45,100.0
2026-03-04,15,2,0,3,Basketball,22,100.0
2026-05-18,20,0,0,5,Gym,58,100.0
2026-03-23,12,0,0,3,Cricket,20,100.0
2026-06-15,20,0,0,6,Basketball,42,100.0
2026-06-17,19,2,0,6,Football,58,100.0
2026-07-29,8,2,0,7,Football,35,70.0
2026-05-17,21,6,1,5,Gym,35,100.0
2026-05-25,8,0,0,5,Volleyball,29,100.0
2026-06-05,8,4,0,6,Badminton,38,100.0
2026-08-11,14,1,0,8,Tennis,25,100.0
2026-07-21,20,1,0,7,Cricket,39,100.0
2026-04-05,12,6,1,4,Football,56,100.0
2026-06-06,15,5,1,6,Volleyball,29,100.0
2026-03-11,15,2,0,3,Gym,36,100.0
2026-05-17,21,6,1,5,Volleyball,18,90.0
2026-06-27,13,5,1,6,Badminton,55,100.0
2026-03-01,10,6,1,3,Basketball,36,100.0
2026-08-11,21,1,0,8,Badminton,32,100.0
2026-08-18,15,1,0,8,Tennis,19,95.0
2026-07-04,13,5,1,7,Badminton,44,100.0
2026-05-10,21,6,1,5,Badminton,31,100.0
2026-06-01,21,0,0,6,Volleyball,13,65.0
2026-05-06,21,2,0,5,Cricket,20,100.0
2026-03-31,17,1,0,3,Volleyball,41,100.0
2026-07-26,6,6,1,7,Gym,31,100.0
2026-04-11,7,5,1,4,Football,37,74.0
2026-06-27,10,5,1,6,Basketball,34,100.0
2026-03-14,14,5,1,3,Basketball,44,100.0
2026-08-10,17,0,0,8,Badminton,49,100.0
2026-05-14,22,3,0,5,Cricket,8,40.0
2026-07-10,12,4,0,7,Gym,43,100.0
2026-04-16,9,3,0,4,Volleyball,29,100.0
2026-04-12,16,6,1,4,Gym,47,100.0
2026-08-23,15,6,1,8,Basketball,42,100.0
2026-08-26,17,2,0,8,Badminton,53,100.0
2026-07-27,17,0,0,7,Gym,52,100.0
2026-03-04,10,2,0,3,Volleyball,11,55.0
2026-06-04,21,3,0,6,Tennis,22,100.0
2026-04-11,9,5,1,4,Football,34,68.0
2026-07-07,13,1,0,7,Gym,36,100.0
2026-07-22,22,2,0,7,Gym,35,100.0
2026-07-20,9,0,0,7,Tennis,34,100.0
2026-03-20,9,4,0,3,Gym,39,100.0
2026-03-05,21,3,0,3,Basketball,21,100.0
2026-08-24,17,0,0,8,Football,58,100.0
2026-06-22,22,0,0,6,Gym,32,100.0
2026-04-14,15,1,0,4,Badminton,33,100.0
2026-03-31,13,1,0,3,Football,41,82.0
2026-08-25,10,1,0,8,Cricket,10,50.0
2026-05-18,10,0,0,5,Football,24,48.0
2026-03-21,19,5,1,3,Cricket,42,100.0
2026-03-29,8,6,1,3,Badminton,44,100.0
2026-07-02,19,3,0,7,Badminton,48,100.0
2026-03-28,7,5,1,3,Gym,47,100.0
2026-07-10,7,4,0,7,Tennis,28,100.0
2026-05-04,7,0,0,5,Badminton,36,100.0
2026-08-18,6,1,0,8,Gym,28,93.3
2026-04-01,12,2,0,4,Volleyball,16,80.0
2026-04-17,17,4,0,4,Badminton,46,100.0
2026-04-07,14,1,0,4,Volleyball,18,90.0
2026-05-30,11,5,1,5,Gym,50,100.0
2026-08-04,13,1,0,8,Volleyball,22,100.0
2026-03-18,9,2,0,3,Gym,46,100.0
2026-03-04,22,2,0,3,Football,33,66.0
2026-04-19,15,6,1,4,Football,49,98.0
2026-07-16,6,3,0,7,Cricket,8,40.0
2026-04-24,22,4,0,4,Gym,38,100.0
2026-06-30,17,1,0,6,Cricket,39,100.0
2026-04-17,20,4,0,4,Cricket,31,100.0
2026-04-16,17,3,0,4,Tennis,46,100.0
2026-04-24,22,4,0,4,Football,28,56.0
2026-03-29,16,6,1,3,Badminton,44,100.0
2026-03-29,22,6,1,3,Football,29,58.0
2026-06-01,15,0,0,6,Volleyball,18,90.0
2026-03-11,8,2,0,3,Basketball,34,100.0
2026-03-30,18,0,0,3,Basketball,47,100.0
2026-08-01,15,5,1,8,Cricket,35,100.0
2026-06-22,13,0,0,6,Volleyball,19,95.0
2026-05-14,19,3,0,5,Football,58,100.0
2026-03-18,21,2,0,3,Cricket,12,60.0
2026-04-15,6,2,0,4,Cricket,14,70.0
2026-08-20,9,3,0,8,Tennis,34,100.0
2026-07-12,8,6,1,7,Badminton,34,100.0
2026-06-10,18,2,0,6,Cricket,39,100.0
2026-03-27,11,4,0,3,Badminton,27,90.0
2026-04-20,16,0,0,4,Football,31,62.0
2026-06-12,9,4,0,6,Football,45,90.0
2026-06-17,21,2,0,6,Basketball,29,100.0
2026-07-27,14,0,0,7,Gym,45,100.0
2026-08-12,18,2,0,8,Basketball,47,100.0
2026-08-18,18,1,0,8,Tennis,48,100.0
2026-05-11,10,0,0,5,Gym,34,100.0
2026-03-28,9,5,1,3,Basketball,34,100.0
2026-07-06,13,0,0,7,Cricket,15,75.0
2026-03-08,9,6,1,3,Cricket,17,85.0
2026-03-18,21,2,0,3,Cricket,7,35.0
2026-04-15,18,2,0,4,Volleyball,40,100.0
2026-05-23,10,5,1,5,Basketball,41,100.0
2026-08-07,9,4,0,8,Gym,38,100.0
2026-08-17,22,0,0,8,Gym,34,100.0
2026-06-28,12,6,1,6,Basketball,48,100.0
2026-07-06,21,0,0,7,Volleyball,11,55.0
2026-07-17,16,4,0,7,Gym,40,100.0
2026-07-17,6,4,0,7,Gym,27,90.0
2026-06-19,9,4,0,6,Tennis,34,100.0
2026-05-20,18,2,0,5,Tennis,47,100.0
2026-03-10,7,1,0,3,Football,40,80.0
2026-08-16,15,6,1,8,Cricket,24,100.0
2026-07-04,19,5,1,7,Football,49,98.0
2026-06-08,21,0,0,6,Gym,28,93.3
2026-07-24,21,4,0,7,Cricket,15,75.0
2026-08-23,21,6,1,8,Tennis,25,100.0
2026-04-10,22,4,0,4,Badminton,28,93.3
2026-05-07,21,3,0,5,Volleyball,13,65.0
2026-08-05,17,2,0,8,Gym,54,100.0
2026-05-22,7,4,0,5,Badminton,41,100.0
2026-03-12,10,3,0,3,Gym,32,100.0
2026-05-29,6,4,0,5,Gym,37,100.0
2026-05-27,18,2,0,5,Badminton,51,100.0
2026-05-28,17,3,0,5,Tennis,45,100.0
2026-03-15,13,6,1,3,Football,46,92.0
2026-08-13,15,3,0,8,Volleyball,8,40.0
2026-08-24,8,0,0,8,Gym,41,100.0
2026-03-30,16,0,0,3,Football,22,44.0
2026-07-16,16,3,0,7,Badminton,29,96.7
2026-08-16,19,6,1,8,Volleyball,38,100.0
2026-06-16,14,1,0,6,Badminton,39,100.0
2026-06-29,6,0,0,6,Basketball,23,100.0
2026-07-25,18,5,1,7,Basketball,64,100.0
2026-03-26,21,3,0,3,Badminton,33,100.0
2026-08-20,12,3,0,8,Basketball,30,100.0
2026-07-07,16,1,0,7,Football,31,62.0
2026-05-16,17,5,1,5,Tennis,58,100.0
2026-07-06,8,0,0,7,Gym,50,100.0
2026-07-16,12,3,0,7,Basketball,27,100.0
2026-03-13,15,4,0,3,Volleyball,13,65.0
2026-04-27,8,0,0,4,Cricket,30,100.0
2026-07-27,9,0,0,7,Volleyball,22,100.0
2026-05-09,8,5,1,5,Volleyball,29,100.0
2026-07-14,21,1,0,7,Tennis,20,100.0
2026-05-28,8,3,0,5,Cricket,30,100.0
2026-05-17,22,6,1,5,Gym,31,100.0
2026-06-19,16,4,0,6,Football,28,56.0
2026-06-11,14,3,0,6,Volleyball,21,100.0
2026-06-25,11,3,0,6,Badminton,32,100.0
2026-08-28,22,4,0,8,Gym,29,96.7
2026-07-26,21,6,1,7,Football,32,64.0
2026-06-28,14,6,1,6,Cricket,36,100.0
2026-08-05,19,2,0,8,Volleyball,41,100.0
2026-08-08,7,5,1,8,Volleyball,20,100.0
2026-06-02,20,1,0,6,Football,48,96.0
2026-04-08,15,2,0,4,Gym,33,100.0
2026-06-14,16,6,1,6,Gym,55,100.0
2026-03-17,12,1,0,3,Gym,39,100.0
2026-05-08,15,4,0,5,Cricket,9,45.0
2026-05-05,13,1,0,5,Tennis,26,100.0
2026-03-30,10,0,0,3,Football,22,44.0
2026-05-02,15,5,1,5,Tennis,39,100.0
2026-07-22,19,2,0,7,Tennis,50,100.0
2026-03-10,12,1,0,3,Football,32,64.0
2026-04-04,6,5,1,4,Basketball,29,100.0
2026-05-11,11,0,0,5,Cricket,20,100.0
2026-03-11,21,2,0,3,Gym,27,90.0
2026-03-15,8,6,1,3,Basketball,36,100.0
2026-05-16,8,5,1,5,Tennis,32,100.0
2026-08-19,8,2,0,8,Tennis,40,100.0
2026-04-05,13,6,1,4,Badminton,52,100.0
2026-07-07,9,1,0,7,Volleyball,27,100.0
2026-07-27,22,0,0,7,Basketball,24,100.0
2026-03-24,13,1,0,3,Volleyball,14,70.0
2026-05-20,16,2,0,5,Gym,36,100.0
2026-06-08,13,0,0,6,Tennis,26,100.0
2026-04-06,9,0,0,4,Football,35,70.0
2026-05-10,20,6,1,5,Tennis,44,100.0
2026-07-29,7,2,0,7,Tennis,35,100.0
2026-06-04,9,3,0,6,Basketball,35,100.0
2026-06-17,21,2,0,6,Cricket,10,50.0
2026-05-11,10,0,0,5,Basketball,24,100.0
2026-06-03,15,2,0,6,Badminton,32,100.0
2026-08-03,7,0,0,8,Gym,48,100.0
2026-08-17,7,0,0,8,Cricket,29,100.0
2026-08-19,13,2,0,8,Basketball,31,100.0
2026-06-07,15,6,1,6,Cricket,33,100.0
2026-06-01,9,0,0,6,Volleyball,30,100.0
2026-04-30,20,3,0,4,Tennis,40,100.0
2026-06-09,14,1,0,6,Basketball,24,100.0
2026-04-30,15,3,0,4,Football,35,70.0
2026-04-11,20,5,1,4,Cricket,35,100.0
2026-08-12,19,2,0,8,Gym,50,100.0
2026-05-10,8,6,1,5,Gym,49,100.0
2026-07-04,21,5,1,7,Cricket,13,65.0
2026-05-25,19,0,0,5,Gym,51,100.0
2026-04-11,14,5,1,4,Volleyball,29,100.0
2026-05-30,19,5,1,5,Volleyball,41,100.0
2026-07-19,16,6,1,7,Tennis,43,100.0
2026-03-08,7,6,1,3,Cricket,27,100.0
2026-04-17,20,4,0,4,Gym,60,100.0
2026-04-04,6,5,1,4,Tennis,20,100.0
2026-08-08,15,5,1,8,Basketball,41,100.0
2026-03-22,9,6,1,3,Football,35,70.0
2026-07-11,10,5,1,7,Gym,51,100.0
2026-08-23,19,6,1,8,Gym,55,100.0
2026-06-24,21,2,0,6,Gym,38,100.0
2026-04-04,14,5,1,4,Football,53,100.0
2026-07-30,16,3,0,7,Gym,31,100.0
2026-04-20,8,0,0,4,Tennis,32,100.0
2026-04-16,18,3,0,4,Tennis,53,100.0
2026-07-25,13,5,1,7,Badminton,43,100.0
2026-07-21,13,1,0,7,Badminton,35,100.0
2026-04-20,14,0,0,4,Cricket,26,100.0
2026-04-13,7,0,0,4,Tennis,36,100.0
2026-06-18,14,3,0,6,Football,29,58.0
2026-06-03,11,2,0,6,Volleyball,8,40.0
2026-03-04,22,2,0,3,Tennis,29,100.0
2026-06-25,21,3,0,6,Badminton,25,83.3
2026-04-22,12,2,0,4,Gym,46,100.0
2026-05-08,15,4,0,5,Cricket,14,70.0
2026-06-06,10,5,1,6,Tennis,45,100.0
2026-04-22,12,2,0,4,Gym,37,100.0
2026-08-21,12,4,0,8,Tennis,25,100.0
2026-06-13,10,5,1,6,Badminton,41,100.0
2026-05-07,13,3,0,5,Volleyball,20,100.0
2026-05-03,17,6,1,5,Volleyball,55,100.0
2026-08-13,20,3,0,8,Badminton,45,100.0
2026-06-29,10,0,0,6,Gym,32,100.0
2026-08-25,18,1,0,8,Cricket,33,100.0
2026-06-07,19,6,1,6,Cricket,39,100.0
2026-05-05,8,1,0,5,Badminton,40,100.0
2026-03-16,7,0,0,3,Basketball,30,100.0
2026-06-29,17,0,0,6,Volleyball,40,100.0
2026-08-01,7,5,1,8,Badminton,36,100.0
2026-07-08,18,2,0,7,Basketball,46,100.0
2026-08-19,17,2,0,8,Football,53,100.0
2026-03-11,11,2,0,3,Basketball,19,95.0
2026-07-07,21,1,0,7,Basketball,24,100.0
2026-04-03,8,4,0,4,Basketball,38,100.0
2026-07-14,19,1,0,7,Football,49,98.0
2026-03-30,16,0,0,3,Badminton,24,80.0
2026-07-06,14,0,0,7,Cricket,18,90.0
2026-06-19,15,4,0,6,Basketball,26,100.0
2026-05-07,22,3,0,5,Basketball,23,100.0
2026-04-12,16,6,1,4,Cricket,29,100.0
2026-04-08,20,2,0,4,Badminton,48,100.0
2026-04-08,7,2,0,4,Football,34,68.0
2026-03-10,21,1,0,3,Basketball,19,95.0
2026-08-28,20,4,0,8,Tennis,41,100.0
2026-07-05,7,6,1,7,Tennis,32,100.0
2026-07-22,21,2,0,7,Tennis,24,100.0
2026-03-29,10,6,1,3,Badminton,42,100.0
2026-03-24,12,1,0,3,Gym,37,100.0
2026-04-16,11,3,0,4,Cricket,15,75.0
2026-05-09,12,5,1,5,Volleyball,28,100.0
2026-07-13,11,0,0,7,Tennis,18,90.0
2026-05-03,21,6,1,5,Cricket,8,40.0
2026-05-24,6,6,1,5,Basketball,27,100.0
2026-08-22,9,5,1,8,Tennis,32,100.0
2026-07-30,9,3,0,7,Gym,42,100.0
2026-04-09,6,3,0,4,Badminton,29,96.7
2026-08-16,21,6,1,8,Tennis,27,100.0
2026-05-08,6,4,0,5,Basketball,17,85.0
2026-08-15,20,5,1,8,Basketball,51,100.0
2026-07-24,10,4,0,7,Football,35,70.0
2026-03-13,15,4,0,3,Basketball,29,100.0
2026-03-15,8,6,1,3,Volleyball,26,100.0
2026-06-06,8,5,1,6,Tennis,31,100.0
2026-04-15,13,2,0,4,Gym,46,100.0
2026-06-11,8,3,0,6,Badminton,45,100.0
2026-04-23,11,3,0,4,Tennis,29,100.0
2026-06-12,15,4,0,6,Cricket,19,95.0
2026-08-15,10,5,1,8,Badminton,41,100.0
2026-07-04,19,5,1,7,Cricket,42,100.0
2026-05-19,10,1,0,5,Basketball,27,100.0
2026-03-25,17,2,0,3,Volleyball,33,100.0
2026-07-04,20,5,1,7,Tennis,47,100.0
2026-05-08,19,4,0,5,Badminton,57,100.0
2026-06-17,17,2,0,6,Volleyball,32,100.0
2026-06-20,19,5,1,6,Badminton,45,100.0
2026-07-10,16,4,0,7,Tennis,27,100.0
2026-04-27,10,0,0,4,Tennis,25,100.0
2026-08-09,22,6,1,8,Badminton,26,86.7
2026-06-28,19,6,1,6,Badminton,57,100.0
2026-07-01,15,2,0,7,Football,24,48.0
2026-08-23,15,6,1,8,Gym,45,100.0
2026-07-12,19,6,1,7,Basketball,49,100.0
2026-03-13,8,4,0,3,Badminton,40,100.0
2026-03-28,22,5,1,3,Tennis,23,100.0
2026-03-25,20,2,0,3,Cricket,41,100.0
2026-07-24,14,4,0,7,Basketball,27,100.0
2026-07-28,8,1,0,7,Gym,45,100.0
2026-03-05,9,3,0,3,Cricket,27,100.0
2026-06-27,11,5,1,6,Gym,44,100.0
2026-06-09,7,1,0,6,Badminton,38,100.0
2026-08-28,15,4,0,8,Basketball,26,100.0
2026-06-25,20,3,0,6,Volleyball,42,100.0
2026-05-07,16,3,0,5,Gym,39,100.0
2026-04-17,12,4,0,4,Football,29,58.0
2026-08-02,14,6,1,8,Gym,58,100.0
2026-03-28,19,5,1,3,Volleyball,30,100.0
2026-03-02,18,0,0,3,Badminton,45,100.0
2026-04-13,21,0,0,4,Tennis,28,100.0
2026-06-12,21,4,0,6,Basketball,26,100.0
2026-08-05,17,2,0,8,Cricket,40,100.0
2026-08-24,18,0,0,8,Gym,54,100.0
2026-03-23,10,0,0,3,Football,22,44.0
2026-04-18,9,5,1,4,Gym,37,100.0
2026-08-26,12,2,0,8,Gym,33,100.0
2026-04-23,21,3,0,4,Cricket,9,45.0
2026-08-14,13,4,0,8,Tennis,36,100.0
2026-08-08,12,5,1,8,Badminton,47,100.0
2026-06-27,10,5,1,6,Tennis,38,100.0
2026-03-06,9,4,0,3,Football,34,68.0
2026-08-27,20,3,0,8,Tennis,47,100.0
2026-03-06,20,4,0,3,Volleyball,33,100.0
2026-04-21,15,1,0,4,Volleyball,20,100.0
2026-06-09,7,1,0,6,Basketball,27,100.0
2026-03-27,19,4,0,3,Tennis,53,100.0
2026-07-05,15,6,1,7,Badminton,44,100.0
2026-06-11,21,3,0,6,Volleyball,16,80.0
2026-08-04,21,1,0,8,Football,33,66.0
2026-03-16,22,0,0,3,Badminton,28,93.3
2026-07-26,16,6,1,7,Volleyball,23,100.0
2026-05-08,19,4,0,5,Tennis,41,100.0
2026-07-05,17,6,1,7,Tennis,66,100.0
2026-06-20,6,5,1,6,Football,26,52.0
2026-04-19,21,6,1,4,Basketball,24,100.0
2026-04-29,22,2,0,4,Football,31,62.0
2026-08-23,16,6,1,8,Volleyball,35,100.0
2026-08-16,20,6,1,8,Football,49,98.0
2026-06-08,19,0,0,6,Gym,60,100.0
2026-08-15,17,5,1,8,Gym,72,100.0
2026-04-11,12,5,1,4,Basketball,49,100.0
2026-03-23,21,0,0,3,Football,24,48.0
2026-04-21,11,1,0,4,Volleyball,14,70.0
2026-03-26,19,3,0,3,Tennis,44,100.0
2026-04-30,12,3,0,4,Volleyball,13,65.0
2026-03-05,17,3,0,3,Basketball,45,100.0
2026-08-21,11,4,0,8,Football,35,70.0
2026-07-07,7,1,0,7,Gym,38,100.0
2026-05-26,19,1,0,5,Badminton,54,100.0
2026-04-28,9,1,0,4,Volleyball,20,100.0
2026-07-03,14,4,0,7,Basketball,35,100.0
2026-05-30,7,5,1,5,Gym,45,100.0
2026-05-08,10,4,0,5,Gym,38,100.0
2026-07-10,9,4,0,7,Cricket,17,85.0
2026-06-21,20,6,1,6,Gym,62,100.0
2026-03-29,9,6,1,3,Gym,46,100.0
2026-08-04,9,1,0,8,Gym,45,100.0
2026-03-11,22,2,0,3,Badminton,24,80.0
2026-08-09,9,6,1,8,Gym,40,100.0
2026-06-01,11,0,0,6,Cricket,11,55.0
2026-06-22,22,0,0,6,Tennis,28,100.0
2026-03-26,10,3,0,3,Cricket,12,60.0
2026-05-25,10,0,0,5,Badminton,35,100.0
2026-04-21,20,1,0,4,Tennis,52,100.0
2026-03-02,13,0,0,3,Gym,45,100.0
2026-06-30,16,1,0,6,Basketball,25,100.0
2026-04-13,8,0,0,4,Basketball,32,100.0
2026-06-15,17,0,0,6,Cricket,40,100.0
2026-05-02,10,5,1,5,Gym,54,100.0
2026-07-14,19,1,0,7,Gym,53,100.0
2026-04-05,19,6,1,4,Tennis,46,100.0
2026-06-26,22,4,0,6,Gym,37,100.0
2026-06-01,6,0,0,6,Tennis,19,95.0
2026-03-03,22,1,0,3,Badminton,23,76.7
2026-05-26,16,1,0,5,Tennis,29,100.0
2026-04-12,19,6,1,4,Badminton,51,100.0
2026-03-10,10,1,0,3,Volleyball,7,35.0
2026-08-09,22,6,1,8,Basketball,23,100.0
2026-06-11,15,3,0,6,Cricket,18,90.0
2026-05-20,17,2,0,5,Badminton,58,100.0
2026-05-11,22,0,0,5,Volleyball,9,45.0
2026-08-27,18,3,0,8,Tennis,50,100.0
2026-04-22,20,2,0,4,Cricket,35,100.0
2026-08-14,18,4,0,8,Gym,53,100.0
2026-05-17,8,6,1,5,Badminton,40,100.0
2026-05-25,18,0,0,5,Cricket,41,100.0
2026-04-02,22,3,0,4,Volleyball,11,55.0
2026-04-24,8,4,0,4,Volleyball,25,100.0
2026-05-19,22,1,0,5,Basketball,29,100.0
2026-08-10,11,0,0,8,Badminton,22,73.3
2026-07-17,14,4,0,7,Football,41,82.0
2026-05-17,19,6,1,5,Volleyball,31,100.0
2026-03-16,17,0,0,3,Basketball,50,100.0
2026-07-08,17,2,0,7,Badminton,45,100.0
2026-08-14,9,4,0,8,Tennis,31,100.0
2026-07-25,6,5,1,7,Tennis,22,100.0
2026-04-30,13,3,0,4,Basketball,27,100.0
2026-05-12,10,1,0,5,Cricket,13,65.0
2026-07-12,13,6,1,7,Badminton,48,100.0
2026-07-11,12,5,1,7,Gym,60,100.0
2026-06-01,20,0,0,6,Badminton,47,100.0
2026-06-17,19,2,0,6,Badminton,46,100.0
2026-03-16,19,0,0,3,Football,52,100.0
2026-04-24,20,4,0,4,Badminton,50,100.0
2026-08-21,22,4,0,8,Tennis,26,100.0
2026-07-22,22,2,0,7,Gym,33,100.0
2026-05-07,21,3,0,5,Cricket,13,65.0
2026-06-21,21,6,1,6,Cricket,13,65.0
2026-04-11,10,5,1,4,Volleyball,24,100.0
2026-07-03,20,4,0,7,Football,56,100.0
2026-07-10,22,4,0,7,Badminton,33,100.0
2026-04-24,20,4,0,4,Tennis,40,100.0
2026-04-10,17,4,0,4,Badminton,54,100.0
2026-06-13,9,5,1,6,Badminton,37,100.0
2026-07-25,15,5,1,7,Badminton,45,100.0
2026-04-09,9,3,0,4,Basketball,31,100.0
2026-06-04,15,3,0,6,Basketball,24,100.0
2026-03-08,10,6,1,3,Football,49,98.0
2026-07-29,19,2,0,7,Badminton,49,100.0
2026-05-12,12,1,0,5,Football,41,82.0
2026-07-04,6,5,1,7,Badminton,30,100.0
2026-05-29,8,4,0,5,Gym,37,100.0
2026-06-15,21,0,0,6,Volleyball,11,55.0
2026-07-23,20,3,0,7,Basketball,52,100.0
2026-06-05,21,4,0,6,Gym,38,100.0
2026-08-03,10,0,0,8,Gym,29,96.7
2026-07-08,20,2,0,7,Gym,57,100.0
2026-08-18,20,1,0,8,Football,58,100.0
2026-05-23,8,5,1,5,Gym,46,100.0
2026-08-18,19,1,0,8,Tennis,43,100.0
2026-06-10,16,2,0,6,Volleyball,7,35.0
2026-08-19,20,2,0,8,Cricket,34,100.0
2026-08-13,8,3,0,8,Gym,39,100.0
2026-03-07,15,5,1,3,Volleyball,32,100.0
2026-04-01,8,2,0,4,Football,41,82.0
2026-07-17,7,4,0,7,Volleyball,25,100.0
2026-04-18,21,5,1,4,Volleyball,7,35.0
2026-03-31,11,1,0,3,Badminton,26,86.7
2026-04-22,13,2,0,4,Gym,44,100.0
2026-07-27,20,0,0,7,Badminton,57,100.0
2026-07-15,16,2,0,7,Tennis,26,100.0
2026-03-12,21,3,0,3,Gym,27,90.0
2026-05-27,19,2,0,5,Football,51,100.0
2026-03-07,22,5,1,3,Basketball,23,100.0
2026-05-05,8,1,0,5,Badminton,33,100.0
2026-07-17,11,4,0,7,Basketball,19,95.0
2026-04-16,14,3,0,4,Gym,34,100.0
2026-04-09,15,3,0,4,Tennis,27,100.0
2026-04-13,7,0,0,4,Volleyball,22,100.0
2026-04-16,6,3,0,4,Cricket,7,35.0
2026-05-16,18,5,1,5,Badminton,65,100.0
2026-04-06,19,0,0,4,Basketball,44,100.0
2026-06-05,9,4,0,6,Badminton,35,100.0
2026-05-01,13,4,0,5,Tennis,31,100.0
2026-07-08,18,2,0,7,Badminton,49,100.0
2026-03-16,16,0,0,3,Tennis,25,100.0
2026-06-13,8,5,1,6,Tennis,27,100.0
2026-06-13,13,5,1,6,Badminton,47,100.0
2026-07-20,9,0,0,7,Football,44,88.0
2026-07-21,10,1,0,7,Basketball,26,100.0
2026-06-13,20,5,1,6,Badminton,58,100.0
2026-08-10,22,0,0,8,Football,34,68.0
2026-04-06,17,0,0,4,Volleyball,32,100.0
2026-05-02,19,5,1,5,Volleyball,37,100.0
2026-03-11,6,2,0,3,Gym,34,100.0
2026-08-06,15,3,0,8,Cricket,9,45.0
2026-03-01,7,6,1,3,Tennis,31,100.0
2026-08-01,14,5,1,8,Gym,58,100.0
2026-06-06,17,5,1,6,Gym,75,100.0
2026-04-24,22,4,0,4,Basketball,17,85.0
2026-04-11,8,5,1,4,Basketball,28,100.0
2026-06-10,9,2,0,6,Gym,39,100.0
2026-07-21,14,1,0,7,Tennis,26,100.0
2026-08-04,22,1,0,8,Gym,32,100.0
2026-08-22,16,5,1,8,Cricket,26,100.0
2026-06-24,14,2,0,6,Football,38,76.0
2026-05-22,16,4,0,5,Football,29,58.0
2026-08-01,16,5,1,8,Badminton,48,100.0
2026-04-04,6,5,1,4,Volleyball,14,70.0
2026-03-02,6,0,0,3,Cricket,9,45.0
2026-06-14,21,6,1,6,Gym,33,100.0
2026-07-16,8,3,0,7,Gym,47,100.0
2026-08-14,8,4,0,8,Volleyball,17,85.0
2026-08-19,20,2,0,8,Cricket,31,100.0
2026-05-30,18,5,1,5,Gym,74,100.0
2026-05-31,18,6,1,5,Football,73,100.0
2026-08-26,6,2,0,8,Badminton,29,96.7
2026-06-03,12,2,0,6,Tennis,23,100.0
2026-04-26,6,6,1,4,Gym,31,100.0
2026-08-22,17,5,1,8,Football,61,100.0
2026-08-05,15,2,0,8,Gym,38,100.0
2026-04-26,13,6,1,4,Tennis,43,100.0
2026-03-10,14,1,0,3,Tennis,34,100.0
2026-08-28,12,4,0,8,Badminton,31,100.0
2026-08-11,18,1,0,8,Badminton,58,100.0
2026-05-11,22,0,0,5,Tennis,19,95.0
2026-07-20,12,0,0,7,Cricket,24,100.0
2026-07-23,11,3,0,7,Badminton,31,100.0
2026-04-02,8,3,0,4,Football,36,72.0
2026-07-24,13,4,0,7,Volleyball,24,100.0
2026-05-10,12,6,1,5,Gym,58,100.0
2026-03-06,14,4,0,3,Cricket,21,100.0
2026-06-25,6,3,0,6,Tennis,27,100.0
2026-08-20,7,3,0,8,Gym,42,100.0
2026-06-19,19,4,0,6,Basketball,41,100.0
2026-08-22,22,5,1,8,Tennis,24,100.0
2026-06-01,22,0,0,6,Gym,27,90.0
2026-04-27,7,0,0,4,Basketball,33,100.0
2026-07-15,20,2,0,7,Basketball,40,100.0
2026-06-09,12,1,0,6,Basketball,24,100.0
2026-07-25,6,5,1,7,Cricket,10,50.0
2026-08-24,19,0,0,8,Badminton,48,100.0
2026-04-20,11,0,0,4,Basketball,21,100.0
2026-03-17,9,1,0,3,Badminton,39,100.0
2026-06-19,6,4,0,6,Volleyball,19,95.0
2026-08-08,16,5,1,8,Gym,46,100.0
2026-05-03,9,6,1,5,Tennis,30,100.0
2026-05-27,7,2,0,5,Gym,42,100.0
2026-07-12,13,6,1,7,Badminton,55,100.0
2026-08-01,20,5,1,8,Gym,51,100.0
2026-08-08,20,5,1,8,Volleyball,31,100.0
2026-03-22,7,6,1,3,Badminton,38,100.0
2026-05-20,8,2,0,5,Gym,39,100.0
2026-03-16,20,0,0,3,Badminton,49,100.0
2026-08-04,19,1,0,8,Badminton,46,100.0
2026-08-21,7,4,0,8,Volleyball,17,85.0
2026-05-15,18,4,0,5,Tennis,41,100.0
2026-08-06,19,3,0,8,Football,58,100.0
2026-08-01,6,5,1,8,Tennis,23,100.0
2026-06-27,19,5,1,6,Volleyball,39,100.0
2026-03-26,16,3,0,3,Cricket,17,85.0
2026-03-07,20,5,1,3,Volleyball,35,100.0
2026-07-29,12,2,0,7,Badminton,29,96.7
2026-03-04,8,2,0,3,Volleyball,29,100.0
2026-04-19,10,6,1,4,Cricket,30,100.0
2026-05-05,17,1,0,5,Tennis,47,100.0
2026-08-06,20,3,0,8,Football,48,96.0
2026-04-05,7,6,1,4,Badminton,34,100.0
2026-05-19,19,1,0,5,Volleyball,40,100.0
2026-05-31,15,6,1,5,Volleyball,30,100.0
2026-04-07,10,1,0,4,Tennis,21,100.0
2026-08-02,16,6,1,8,Basketball,37,100.0
2026-03-03,22,1,0,3,Volleyball,17,85.0
2026-08-21,10,4,0,8,Badminton,25,83.3
2026-07-08,7,2,0,7,Tennis,32,100.0
2026-04-20,12,0,0,4,Cricket,16,80.0
2026-03-18,16,2,0,3,Football,32,64.0
2026-06-30,20,1,0,6,Volleyball,41,100.0
2026-05-24,16,6,1,5,Volleyball,26,100.0
2026-06-16,16,1,0,6,Football,23,46.0
2026-06-25,7,3,0,6,Tennis,30,100.0
2026-03-01,13,6,1,3,Cricket,31,100.0
2026-06-28,12,6,1,6,Football,50,100.0
2026-05-24,18,6,1,5,Football,66,100.0
2026-04-17,6,4,0,4,Basketball,17,85.0
2026-03-19,17,3,0,3,Badminton,53,100.0
2026-03-30,10,0,0,3,Basketball,24,100.0
2026-04-19,17,6,1,4,Badminton,60,100.0
2026-04-20,12,0,0,4,Basketball,25,100.0
2026-04-26,14,6,1,4,Cricket,30,100.0
2026-05-26,13,1,0,5,Football,31,62.0
2026-03-06,11,4,0,3,Gym,31,100.0
2026-03-26,6,3,0,3,Gym,37,100.0
2026-04-05,18,6,1,4,Cricket,57,100.0
2026-03-29,16,6,1,3,Football,41,82.0
2026-06-25,13,3,0,6,Basketball,35,100.0
2026-06-04,11,3,0,6,Volleyball,19,95.0
2026-08-07,19,4,0,8,Cricket,31,100.0
2026-03-31,10,1,0,3,Football,34,68.0
2026-04-18,12,5,1,4,Volleyball,34,100.0
2026-08-25,17,1,0,8,Basketball,49,100.0
2026-06-18,13,3,0,6,Badminton,40,100.0
2026-08-05,12,2,0,8,Gym,41,100.0
2026-05-15,10,4,0,5,Basketball,20,100.0
2026-03-14,14,5,1,3,Gym,50,100.0
2026-07-09,21,3,0,7,Football,33,66.0
2026-03-21,21,5,1,3,Gym,37,100.0
2026-08-05,8,2,0,8,Football,40,80.0
2026-06-08,22,0,0,6,Basketball,24,100.0
2026-07-11,20,5,1,7,Football,50,100.0
2026-06-04,22,3,0,6,Cricket,14,70.0
2026-07-05,21,6,1,7,Basketball,26,100.0
2026-06-11,7,3,0,6,Football,35,70.0
2026-04-21,20,1,0,4,Gym,53,100.0
2026-06-10,12,2,0,6,Basketball,29,100.0
2026-06-05,11,4,0,6,Gym,32,100.0
2026-05-05,8,1,0,5,Football,44,88.0
2026-03-22,15,6,1,3,Tennis,40,100.0
2026-05-30,13,5,1,5,Volleyball,28,100.0
2026-06-28,22,6,1,6,Volleyball,12,60.0
2026-06-18,20,3,0,6,Tennis,46,100.0
2026-06-13,17,5,1,6,Gym,72,100.0
2026-05-21,14,3,0,5,Tennis,23,100.0
2026-04-15,20,2,0,4,Football,49,98.0
2026-08-13,8,3,0,8,Basketball,28,100.0
2026-05-15,22,4,0,5,Volleyball,15,75.0
2026-08-12,8,2,0,8,Gym,41,100.0
2026-04-28,9,1,0,4,Badminton,33,100.0
2026-06-01,7,0,0,6,Volleyball,20,100.0
2026-05-25,12,0,0,5,Cricket,18,90.0
2026-05-04,15,0,0,5,Cricket,20,100.0
2026-08-22,14,5,1,8,Football,54,100.0
2026-08-02,10,6,1,8,Gym,54,100.0
2026-07-18,14,5,1,7,Badminton,55,100.0
2026-05-16,15,5,1,5,Gym,47,100.0
2026-06-12,18,4,0,6,Gym,59,100.0
2026-08-15,6,5,1,8,Tennis,27,100.0
2026-07-10,10,4,0,7,Gym,33,100.0
2026-04-28,13,1,0,4,Cricket,24,100.0
2026-04-23,21,3,0,4,Football,30,60.0
2026-07-29,20,2,0,7,Cricket,43,100.0
2026-06-27,16,5,1,6,Gym,43,100.0
2026-05-20,12,2,0,5,Tennis,35,100.0
2026-08-26,19,2,0,8,Football,52,100.0
2026-06-24,6,2,0,6,Basketball,19,95.0
2026-07-26,10,6,1,7,Basketball,43,100.0
2026-03-03,21,1,0,3,Gym,37,100.0
2026-05-30,16,5,1,5,Football,43,86.0
2026-06-17,18,2,0,6,Gym,62,100.0
2026-08-24,15,0,0,8,Basketball,26,100.0
2026-03-06,7,4,0,3,Football,34,68.0
2026-05-24,18,6,1,5,Tennis,58,100.0
2026-06-09,8,1,0,6,Volleyball,23,100.0
2026-04-18,21,5,1,4,Badminton,27,90.0
2026-07-24,20,4,0,7,Cricket,34,100.0
2026-03-24,11,1,0,3,Badminton,32,100.0
2026-07-20,11,0,0,7,Badminton,35,100.0
2026-08-24,21,0,0,8,Badminton,24,80.0
2026-04-20,8,0,0,4,Tennis,31,100.0
2026-04-22,13,2,0,4,Basketball,33,100.0
2026-07-13,8,0,0,7,Tennis,27,100.0
2026-06-03,22,2,0,6,Badminton,24,80.0
2026-05-23,19,5,1,5,Tennis,42,100.0
2026-03-29,10,6,1,3,Volleyball,28,100.0
2026-07-01,8,2,0,7,Tennis,40,100.0
2026-04-22,10,2,0,4,Gym,30,100.0
2026-05-19,19,1,0,5,Gym,61,100.0
2026-08-18,21,1,0,8,Football,31,62.0
2026-07-26,15,6,1,7,Volleyball,25,100.0
2026-07-07,20,1,0,7,Basketball,43,100.0
2026-03-02,10,0,0,3,Tennis,18,90.0
2026-06-11,13,3,0,6,Volleyball,18,90.0
2026-07-24,21,4,0,7,Tennis,24,100.0
2026-07-26,7,6,1,7,Cricket,18,90.0
2026-05-13,20,2,0,5,Basketball,51,100.0
2026-05-16,18,5,1,5,Volleyball,58,100.0
2026-04-14,19,1,0,4,Football,47,94.0
2026-08-06,19,3,0,8,Tennis,46,100.0
2026-08-16,11,6,1,8,Cricket,31,100.0
2026-03-25,18,2,0,3,Cricket,30,100.0
2026-05-01,11,4,0,5,Basketball,27,100.0
2026-07-16,15,3,0,7,Cricket,8,40.0
2026-08-26,12,2,0,8,Tennis,29,100.0
2026-07-20,9,0,0,7,Basketball,28,100.0
2026-03-27,22,4,0,3,Gym,39,100.0
2026-05-23,19,5,1,5,Tennis,42,100.0
2026-05-04,12,0,0,5,Volleyball,13,65.0
2026-06-27,6,5,1,6,Badminton,32,100.0
2026-08-25,20,1,0,8,Tennis,45,100.0
2026-06-11,12,3,0,6,Tennis,23,100.0
2026-03-03,14,1,0,3,Badminton,39,100.0
2026-04-04,16,5,1,4,Cricket,33,100.0
2026-06-27,21,5,1,6,Tennis,18,90.0
2026-03-22,13,6,1,3,Cricket,35,100.0
2026-04-05,21,6,1,4,Gym,31,100.0
2026-04-11,11,5,1,4,Gym,42,100.0
2026-08-03,9,0,0,8,Football,36,72.0
2026-04-01,18,2,0,4,Football,46,92.0
2026-08-19,6,2,0,8,Cricket,11,55.0
2026-04-09,20,3,0,4,Basketball,42,100.0
2026-04-25,7,5,1,4,Cricket,25,100.0
2026-04-25,20,5,1,4,Cricket,30,100.0
2026-08-10,22,0,0,8,Cricket,17,85.0
2026-08-16,9,6,1,8,Tennis,38,100.0
2026-05-18,20,0,0,5,Badminton,54,100.0
2026-03-02,7,0,0,3,Gym,43,100.0
2026-04-21,13,1,0,4,Basketball,26,100.0
2026-04-21,8,1,0,4,Badminton,38,100.0
2026-03-08,6,6,1,3,Basketball,30,100.0
2026-04-19,8,6,1,4,Football,33,66.0
2026-08-18,11,1,0,8,Cricket,9,45.0
2026-03-12,19,3,0,3,Volleyball,31,100.0
2026-05-23,16,5,1,5,Volleyball,32,100.0
2026-04-18,12,5,1,4,Volleyball,34,100.0
2026-06-18,9,3,0,6,Football,35,70.0
2026-03-28,17,5,1,3,Basketball,57,100.0
2026-03-04,18,2,0,3,Cricket,35,100.0
2026-03-04,18,2,0,3,Football,52,100.0
2026-04-26,8,6,1,4,Cricket,30,100.0
2026-05-11,17,0,0,5,Badminton,46,100.0
2026-04-25,19,5,1,4,Basketball,52,100.0
2026-08-01,21,5,1,8,Badminton,33,100.0
2026-07-16,11,3,0,7,Basketball,18,90.0
2026-08-01,16,5,1,8,Cricket,33,100.0
2026-06-08,10,0,0,6,Basketball,19,95.0
2026-08-10,16,0,0,8,Gym,37,100.0
2026-07-02,8,3,0,7,Basketball,27,100.0
2026-08-03,20,0,0,8,Tennis,48,100.0
2026-08-11,13,1,0,8,Volleyball,22,100.0
2026-08-28,6,4,0,8,Football,22,44.0
2026-08-05,9,2,0,8,Basketball,30,100.0
2026-06-18,13,3,0,6,Volleyball,14,70.0
2026-03-16,10,0,0,3,Basketball,24,100.0
2026-05-15,12,4,0,5,Football,34,68.0
2026-04-22,7,2,0,4,Football,43,86.0
2026-08-01,20,5,1,8,Cricket,35,100.0
2026-04-04,14,5,1,4,Basketball,48,100.0
2026-03-11,22,2,0,3,Gym,33,100.0
2026-08-13,15,3,0,8,Gym,27,90.0
2026-04-28,16,1,0,4,Basketball,20,100.0
2026-04-22,7,2,0,4,Cricket,20,100.0
2026-08-23,13,6,1,8,Volleyball,41,100.0
2026-06-06,22,5,1,6,Basketball,19,95.0
2026-06-22,6,0,0,6,Badminton,35,100.0
2026-07-04,8,5,1,7,Football,32,64.0
2026-08-10,10,0,0,8,Football,24,48.0
2026-03-24,11,1,0,3,Volleyball,15,75.0
2026-04-22,13,2,0,4,Volleyball,14,70.0
2026-06-18,20,3,0,6,Basketball,42,100.0
2026-04-20,13,0,0,4,Tennis,25,100.0
2026-08-03,13,0,0,8,Basketball,27,100.0
2026-07-26,20,6,1,7,Cricket,33,100.0
2026-05-09,21,5,1,5,Badminton,27,90.0
2026-06-10,18,2,0,6,Football,52,100.0
2026-06-21,19,6,1,6,Volleyball,39,100.0
2026-06-19,10,4,0,6,Gym,39,100.0
2026-07-02,6,3,0,7,Gym,33,100.0
2026-06-18,8,3,0,6,Gym,41,100.0
2026-07-31,10,4,0,7,Volleyball,18,90.0
2026-04-14,14,1,0,4,Tennis,30,100.0
2026-05-18,20,0,0,5,Basketball,46,100.0
2026-07-22,21,2,0,7,Badminton,27,90.0
2026-04-04,21,5,1,4,Football,24,48.0
2026-04-18,6,5,1,4,Badminton,35,100.0
2026-07-07,17,1,0,7,Tennis,46,100.0
2026-06-15,18,0,0,6,Cricket,35,100.0
2026-06-07,21,6,1,6,Basketball,27,100.0
2026-07-29,8,2,0,7,Tennis,27,100.0
2026-04-01,18,2,0,4,Volleyball,32,100.0
2026-04-19,19,6,1,4,Basketball,52,100.0
2026-05-29,22,4,0,5,Cricket,14,70.0
2026-08-10,17,0,0,8,Cricket,30,100.0
2026-08-14,18,4,0,8,Tennis,51,100.0
2026-05-03,13,6,1,5,Tennis,38,100.0
2026-06-01,6,0,0,6,Cricket,17,85.0
2026-08-13,10,3,0,8,Basketball,26,100.0
2026-06-25,10,3,0,6,Basketball,20,100.0
2026-08-02,11,6,1,8,Badminton,38,100.0
2026-03-24,18,1,0,3,Tennis,51,100.0
2026-07-29,8,2,0,7,Volleyball,20,100.0
2026-06-17,11,2,0,6,Gym,33,100.0
2026-05-04,15,0,0,5,Volleyball,15,75.0
2026-08-16,18,6,1,8,Volleyball,49,100.0
2026-06-14,8,6,1,6,Badminton,42,100.0
2026-07-25,17,5,1,7,Gym,67,100.0
2026-05-08,12,4,0,5,Cricket,19,95.0
2026-08-26,15,2,0,8,Badminton,24,80.0
2026-07-04,6,5,1,7,Badminton,23,76.7
2026-08-26,19,2,0,8,Volleyball,36,100.0
2026-08-15,15,5,1,8,Cricket,28,100.0
2026-04-13,11,0,0,4,Basketball,19,95.0
2026-08-28,10,4,0,8,Football,29,58.0
2026-04-16,22,3,0,4,Badminton,29,96.7
2026-07-24,12,4,0,7,Football,31,62.0
2026-03-16,11,0,0,3,Gym,39,100.0
2026-04-19,14,6,1,4,Gym,54,100.0
2026-06-21,9,6,1,6,Gym,47,100.0
2026-04-12,8,6,1,4,Basketball,28,100.0
2026-06-05,9,4,0,6,Basketball,28,100.0
2026-05-27,6,2,0,5,Volleyball,10,50.0
2026-07-01,21,2,0,7,Cricket,19,95.0
2026-03-26,6,3,0,3,Badminton,26,86.7
2026-03-02,7,0,0,3,Badminton,35,100.0
2026-07-12,6,6,1,7,Tennis,26,100.0
2026-07-12,14,6,1,7,Tennis,45,100.0
2026-05-26,19,1,0,5,Basketball,45,100.0
2026-08-22,16,5,1,8,Basketball,45,100.0
2026-05-01,17,4,0,5,Cricket,36,100.0
2026-06-05,7,4,0,6,Basketball,40,100.0
2026-05-24,9,6,1,5,Badminton,39,100.0
2026-08-26,18,2,0,8,Cricket,43,100.0
2026-04-05,6,6,1,4,Volleyball,8,40.0
2026-07-14,14,1,0,7,Cricket,25,100.0
2026-05-03,17,6,1,5,Tennis,64,100.0
2026-08-23,21,6,1,8,Volleyball,13,65.0
2026-08-17,12,0,0,8,Badminton,38,100.0
2026-05-22,6,4,0,5,Cricket,12,60.0
2026-03-12,16,3,0,3,Cricket,14,70.0
2026-04-29,21,2,0,4,Tennis,28,100.0
2026-08-04,8,1,0,8,Basketball,33,100.0
2026-06-30,9,1,0,6,Cricket,23,100.0
2026-05-15,12,4,0,5,Cricket,15,75.0
2026-07-12,22,6,1,7,Badminton,24,80.0
2026-07-06,8,0,0,7,Basketball,40,100.0
2026-08-20,20,3,0,8,Football,52,100.0
2026-03-30,21,0,0,3,Cricket,15,75.0
2026-05-01,13,4,0,5,Football,30,60.0
2026-08-16,8,6,1,8,Badminton,38,100.0
2026-03-08,11,6,1,3,Basketball,38,100.0
2026-05-11,13,0,0,5,Cricket,17,85.0
2026-08-18,21,1,0,8,Cricket,8,40.0
2026-08-18,10,1,0,8,Volleyball,17,85.0
2026-07-04,8,5,1,7,Gym,48,100.0
2026-05-25,13,0,0,5,Volleyball,25,100.0
2026-08-01,8,5,1,8,Cricket,22,100.0
2026-06-05,18,4,0,6,Cricket,40,100.0
2026-07-22,19,2,0,7,Gym,53,100.0
2026-04-27,14,0,0,4,Badminton,32,100.0
2026-03-23,9,0,0,3,Badminton,37,100.0
2026-07-30,12,3,0,7,Cricket,14,70.0
2026-07-25,17,5,1,7,Football,73,100.0
2026-05-20,18,2,0,5,Volleyball,41,100.0
2026-03-01,15,6,1,3,Badminton,46,100.0
2026-07-16,12,3,0,7,Gym,39,100.0
2026-06-17,16,2,0,6,Gym,32,100.0
2026-08-21,10,4,0,8,Volleyball,17,85.0
2026-08-02,13,6,1,8,Badminton,49,100.0
2026-03-03,20,1,0,3,Basketball,42,100.0
2026-05-15,13,4,0,5,Tennis,33,100.0
2026-06-25,10,3,0,6,Volleyball,11,55.0
2026-04-07,7,1,0,4,Volleyball,22,100.0
2026-05-19,22,1,0,5,Cricket,8,40.0
2026-05-10,21,6,1,5,Cricket,20,100.0
2026-04-25,21,5,1,4,Basketball,28,100.0
2026-06-05,7,4,0,6,Gym,42,100.0
2026-04-09,12,3,0,4,Gym,44,100.0
2026-04-27,7,0,0,4,Gym,49,100.0
2026-04-15,21,2,0,4,Cricket,13,65.0
2026-05-16,11,5,1,5,Badminton,45,100.0
2026-06-09,16,1,0,6,Tennis,27,100.0
2026-06-30,17,1,0,6,Gym,56,100.0
2026-06-09,8,1,0,6,Volleyball,28,100.0
2026-05-12,15,1,0,5,Cricket,10,50.0
2026-08-27,18,3,0,8,Badminton,47,100.0
2026-05-22,7,4,0,5,Gym,48,100.0
2026-05-17,20,6,1,5,Cricket,32,100.0
2026-07-26,10,6,1,7,Tennis,43,100.0
2026-07-02,15,3,0,7,Football,25,50.0
2026-04-25,12,5,1,4,Cricket,38,100.0
2026-03-03,17,1,0,3,Cricket,43,100.0
2026-07-26,9,6,1,7,Cricket,29,100.0
2026-04-07,18,1,0,4,Tennis,50,100.0
2026-04-13,7,0,0,4,Badminton,37,100.0
2026-06-30,11,1,0,6,Badminton,23,76.7
2026-07-10,16,4,0,7,Volleyball,13,65.0
2026-04-08,18,2,0,4,Football,45,90.0
2026-03-31,13,1,0,3,Tennis,30,100.0
2026-05-17,11,6,1,5,Cricket,33,100.0
2026-06-05,8,4,0,6,Gym,44,100.0
2026-08-14,18,4,0,8,Basketball,50,100.0
2026-08-15,20,5,1,8,Basketball,40,100.0
2026-03-31,9,1,0,3,Badminton,33,100.0
2026-07-04,22,5,1,7,Football,22,44.0
2026-07-29,21,2,0,7,Basketball,28,100.0
2026-03-25,11,2,0,3,Tennis,24,100.0
2026-08-13,19,3,0,8,Basketball,49,100.0
2026-04-02,9,3,0,4,Basketball,28,100.0
2026-07-16,11,3,0,7,Tennis,30,100.0
2026-08-27,6,3,0,8,Tennis,25,100.0
2026-07-16,22,3,0,7,Tennis,18,90.0
2026-07-11,9,5,1,7,Gym,49,100.0
2026-04-23,9,3,0,4,Football,45,90.0
2026-08-01,11,5,1,8,Badminton,45,100.0
2026-06-23,16,1,0,6,Badminton,22,73.3
2026-04-02,12,3,0,4,Cricket,15,75.0
2026-03-23,14,0,0,3,Gym,45,100.0
2026-03-09,8,0,0,3,Badminton,40,100.0
2026-05-16,17,5,1,5,Volleyball,47,100.0
2026-06-17,6,2,0,6,Football,26,52.0
2026-03-12,22,3,0,3,Gym,31,100.0
2026-08-16,20,6,1,8,Football,54,100.0
2026-07-04,16,5,1,7,Volleyball,27,100.0
2026-08-03,22,0,0,8,Football,33,66.0
2026-03-26,7,3,0,3,Football,32,64.0
2026-04-18,10,5,1,4,Basketball,45,100.0
2026-04-25,10,5,1,4,Volleyball,30,100.0
2026-04-25,17,5,1,4,Basketball,57,100.0
2026-08-07,19,4,0,8,Badminton,53,100.0
2026-05-05,14,1,0,5,Tennis,33,100.0
2026-04-11,18,5,1,4,Tennis,56,100.0
2026-05-05,19,1,0,5,Cricket,32,100.0
2026-07-16,12,3,0,7,Badminton,38,100.0
2026-05-08,12,4,0,5,Cricket,18,90.0
2026-07-23,22,3,0,7,Volleyball,9,45.0
2026-06-16,10,1,0,6,Basketball,29,100.0
2026-06-20,18,5,1,6,Badminton,69,100.0
2026-05-03,8,6,1,5,Basketball,28,100.0
2026-07-15,9,2,0,7,Cricket,25,100.0
2026-06-13,8,5,1,6,Basketball,37,100.0
2026-03-23,17,0,0,3,Basketball,52,100.0
2026-05-09,10,5,1,5,Gym,54,100.0
2026-04-27,14,0,0,4,Badminton,29,96.7
2026-06-05,13,4,0,6,Tennis,24,100.0
2026-04-01,11,2,0,4,Volleyball,18,90.0
2026-05-18,21,0,0,5,Badminton,30,100.0
2026-05-29,15,4,0,5,Volleyball,11,55.0
2026-08-03,9,0,0,8,Badminton,34,100.0
2026-05-21,18,3,0,5,Football,50,100.0
2026-08-21,18,4,0,8,Tennis,49,100.0
2026-04-02,14,3,0,4,Badminton,38,100.0
2026-07-10,10,4,0,7,Cricket,9,45.0
2026-04-06,18,0,0,4,Volleyball,41,100.0
2026-05-08,7,4,0,5,Cricket,27,100.0
2026-06-03,13,2,0,6,Cricket,22,100.0
2026-06-16,20,1,0,6,Football,52,100.0
2026-05-30,20,5,1,5,Volleyball,34,100.0
2026-05-10,19,6,1,5,Volleyball,41,100.0
2026-04-28,15,1,0,4,Cricket,20,100.0
2026-03-23,15,0,0,3,Tennis,29,100.0
2026-05-20,8,2,0,5,Cricket,18,90.0
2026-03-20,13,4,0,3,Badminton,30,100.0
2026-07-26,7,6,1,7,Badminton,43,100.0
2026-05-13,21,2,0,5,Gym,40,100.0
2026-03-03,19,1,0,3,Cricket,38,100.0
2026-04-04,21,5,1,4,Tennis,25,100.0
2026-08-23,9,6,1,8,Tennis,27,100.0
2026-08-05,12,2,0,8,Gym,44,100.0
2026-03-02,19,0,0,3,Cricket,38,100.0
2026-05-28,13,3,0,5,Cricket,23,100.0
2026-07-14,7,1,0,7,Volleyball,24,100.0
2026-04-13,22,0,0,4,Football,24,48.0
2026-03-20,17,4,0,3,Gym,52,100.0
2026-07-10,17,4,0,7,Badminton,51,100.0
2026-07-05,18,6,1,7,Football,65,100.0
2026-03-29,16,6,1,3,Cricket,25,100.0
2026-07-17,9,4,0,7,Basketball,31,100.0
2026-07-02,15,3,0,7,Basketball,20,100.0
2026-03-01,18,6,1,3,Football,64,100.0
2026-08-12,22,2,0,8,Gym,27,90.0
2026-06-27,21,5,1,6,Badminton,27,90.0
2026-03-02,20,0,0,3,Basketball,44,100.0
2026-05-30,9,5,1,5,Badminton,37,100.0
2026-04-17,18,4,0,4,Basketball,40,100.0
2026-03-26,19,3,0,3,Tennis,43,100.0
2026-03-22,22,6,1,3,Volleyball,9,45.0
2026-06-14,9,6,1,6,Tennis,27,100.0
2026-04-09,14,3,0,4,Football,35,70.0
2026-06-10,17,2,0,6,Basketball,45,100.0
2026-06-18,11,3,0,6,Volleyball,19,95.0
2026-05-08,9,4,0,5,Tennis,37,100.0
2026-06-21,11,6,1,6,Football,42,84.0
2026-06-20,6,5,1,6,Basketball,30,100.0
2026-04-20,9,0,0,4,Football,36,72.0
2026-03-11,10,2,0,3,Tennis,23,100.0
2026-05-24,7,6,1,5,Football,42,84.0
2026-04-20,21,0,0,4,Cricket,11,55.0
2026-03-31,19,1,0,3,Tennis,48,100.0
2026-07-05,10,6,1,7,Basketball,44,100.0
2026-06-11,22,3,0,6,Cricket,18,90.0
2026-06-08,10,0,0,6,Badminton,23,76.7
2026-03-06,10,4,0,3,Football,27,54.0
2026-07-07,6,1,0,7,Gym,37,100.0
2026-04-30,7,3,0,4,Cricket,30,100.0
2026-05-27,19,2,0,5,Volleyball,41,100.0
2026-03-03,19,1,0,3,Tennis,44,100.0
2026-05-12,21,1,0,5,Badminton,34,100.0
2026-06-18,13,3,0,6,Volleyball,15,75.0
2026-07-09,11,3,0,7,Football,26,52.0
2026-03-30,14,0,0,3,Cricket,16,80.0
2026-08-18,19,1,0,8,Football,52,100.0
2026-08-28,9,4,0,8,Cricket,28,100.0
2026-07-07,11,1,0,7,Football,35,70.0
2026-07-30,10,3,0,7,Football,23,46.0
2026-04-03,18,4,0,4,Badminton,49,100.0
2026-04-19,10,6,1,4,Tennis,32,100.0
2026-08-05,12,2,0,8,Badminton,41,100.0
2026-03-14,18,5,1,3,Tennis,63,100.0
2026-05-18,13,0,0,5,Football,33,66.0
2026-06-18,21,3,0,6,Badminton,30,100.0
2026-06-18,7,3,0,6,Basketball,28,100.0
2026-05-08,17,4,0,5,Basketball,45,100.0
2026-06-16,13,1,0,6,Basketball,23,100.0
2026-04-16,7,3,0,4,Badminton,32,100.0
2026-08-17,16,0,0,8,Football,26,52.0
2026-06-29,14,0,0,6,Volleyball,14,70.0
2026-06-19,11,4,0,6,Basketball,24,100.0
2026-06-02,16,1,0,6,Basketball,18,90.0
2026-03-25,6,2,0,3,Cricket,15,75.0
2026-04-03,16,4,0,4,Basketball,28,100.0
2026-06-01,22,0,0,6,Volleyball,12,60.0
2026-04-30,14,3,0,4,Football,37,74.0
2026-06-07,8,6,1,6,Badminton,34,100.0
2026-08-09,9,6,1,8,Badminton,41,100.0
2026-08-15,12,5,1,8,Football,54,100.0
2026-06-23,9,1,0,6,Badminton,40,100.0
2026-08-06,16,3,0,8,Basketball,28,100.0
2026-06-30,12,1,0,6,Volleyball,24,100.0
2026-04-09,7,3,0,4,Football,35,70.0
2026-06-16,14,1,0,6,Gym,46,100.0
2026-07-22,17,2,0,7,Basketball,47,100.0
2026-08-09,9,6,1,8,Tennis,28,100.0
2026-07-02,19,3,0,7,Volleyball,38,100.0
2026-03-06,11,4,0,3,Volleyball,11,55.0
2026-08-26,10,2,0,8,Basketball,17,85.0
2026-07-23,7,3,0,7,Gym,48,100.0
2026-04-18,18,5,1,4,Tennis,65,100.0
2026-07-15,22,2,0,7,Badminton,24,80.0
2026-06-21,22,6,1,6,Tennis,25,100.0
2026-06-08,18,0,0,6,Volleyball,34,100.0
2026-04-22,11,2,0,4,Badminton,24,80.0
2026-07-25,12,5,1,7,Volleyball,39,100.0
2026-03-03,22,1,0,3,Tennis,25,100.0
2026-07-13,14,0,0,7,Basketball,36,100.0
2026-04-26,15,6,1,4,Cricket,26,100.0
2026-07-20,9,0,0,7,Football,35,70.0
2026-03-12,13,3,0,3,Basketball,23,100.0
2026-08-11,10,1,0,8,Basketball,19,95.0
2026-05-09,7,5,1,5,Cricket,20,100.0
2026-04-23,9,3,0,4,Badminton,42,100.0
2026-05-28,17,3,0,5,Basketball,41,100.0
2026-08-28,14,4,0,8,Cricket,15,75.0
2026-06-13,15,5,1,6,Basketball,32,100.0
2026-08-08,6,5,1,8,Gym,32,100.0
2026-04-26,14,6,1,4,Football,47,94.0
2026-03-05,9,3,0,3,Cricket,28,100.0
2026-08-24,18,0,0,8,Cricket,34,100.0
2026-08-08,12,5,1,8,Gym,55,100.0
2026-04-26,16,6,1,4,Basketball,35,100.0
2026-07-27,18,0,0,7,Football,52,100.0
2026-04-29,19,2,0,4,Basketball,42,100.0
2026-07-01,8,2,0,7,Tennis,29,100.0
2026-06-26,11,4,0,6,Gym,40,100.0
2026-04-15,12,2,0,4,Volleyball,20,100.0
2026-04-16,15,3,0,4,Badminton,26,86.7
2026-04-11,11,5,1,4,Gym,48,100.0
2026-08-23,12,6,1,8,Badminton,45,100.0
2026-03-19,19,3,0,3,Football,52,100.0
2026-08-13,18,3,0,8,Badminton,56,100.0
2026-07-13,10,0,0,7,Cricket,19,95.0
2026-03-04,9,2,0,3,Tennis,33,100.0
2026-03-06,9,4,0,3,Gym,37,100.0
2026-08-12,7,2,0,8,Football,35,70.0
2026-03-22,14,6,1,3,Football,53,100.0
2026-08-01,6,5,1,8,Gym,27,90.0
2026-03-28,16,5,1,3,Gym,53,100.0
2026-03-22,12,6,1,3,Football,50,100.0
2026-07-23,20,3,0,7,Gym,52,100.0
2026-05-18,16,0,0,5,Tennis,19,95.0
2026-05-02,7,5,1,5,Volleyball,28,100.0
2026-05-08,9,4,0,5,Badminton,45,100.0
2026-03-12,9,3,0,3,Volleyball,21,100.0
2026-03-27,22,4,0,3,Gym,33,100.0
2026-04-06,6,0,0,4,Football,22,44.0
2026-04-28,19,1,0,4,Tennis,42,100.0
2026-05-30,15,5,1,5,Football,47,94.0
2026-06-07,9,6,1,6,Tennis,29,100.0
2026-03-29,13,6,1,3,Badminton,47,100.0
2026-05-31,8,6,1,5,Volleyball,22,100.0
2026-03-31,17,1,0,3,Badminton,45,100.0
2026-08-02,10,6,1,8,Football,43,86.0
2026-07-14,16,1,0,7,Volleyball,9,45.0
2026-08-21,19,4,0,8,Football,55,100.0
2026-08-23,15,6,1,8,Volleyball,35,100.0
2026-05-13,17,2,0,5,Badminton,49,100.0
2026-07-06,17,0,0,7,Basketball,52,100.0
2026-03-20,6,4,0,3,Gym,29,96.7
2026-08-15,10,5,1,8,Basketball,34,100.0
2026-06-08,20,0,0,6,Cricket,42,100.0
2026-07-01,8,2,0,7,Badminton,41,100.0
2026-06-18,14,3,0,6,Football,29,58.0
2026-05-22,10,4,0,5,Football,34,68.0
2026-06-07,17,6,1,6,Basketball,62,100.0
2026-06-17,21,2,0,6,Cricket,13,65.0
2026-08-02,16,6,1,8,Football,49,98.0
2026-08-15,13,5,1,8,Tennis,44,100.0
2026-07-19,21,6,1,7,Volleyball,15,75.0
2026-07-05,13,6,1,7,Tennis,39,100.0
2026-07-27,19,0,0,7,Volleyball,39,100.0
2026-08-25,13,1,0,8,Cricket,14,70.0
2026-04-30,17,3,0,4,Badminton,48,100.0
2026-03-05,17,3,0,3,Volleyball,37,100.0
2026-04-04,9,5,1,4,Badminton,37,100.0
2026-06-01,10,0,0,6,Basketball,24,100.0
2026-04-06,19,0,0,4,Football,48,96.0
2026-04-27,7,0,0,4,Cricket,19,95.0
2026-03-31,10,1,0,3,Tennis,28,100.0
2026-03-07,19,5,1,3,Basketball,40,100.0
2026-08-27,9,3,0,8,Cricket,26,100.0
2026-03-19,21,3,0,3,Gym,36,100.0
2026-04-10,6,4,0,4,Football,27,54.0
2026-04-06,8,0,0,4,Football,33,66.0
2026-03-04,19,2,0,3,Football,57,100.0
2026-04-16,21,3,0,4,Cricket,9,45.0
2026-07-14,15,1,0,7,Tennis,23,100.0
2026-05-26,20,1,0,5,Gym,60,100.0
2026-08-25,6,1,0,8,Basketball,18,90.0
2026-04-09,7,3,0,4,Cricket,17,85.0
2026-08-02,11,6,1,8,Volleyball,24,100.0
2026-03-03,18,1,0,3,Gym,56,100.0
2026-08-22,20,5,1,8,Volleyball,41,100.0
2026-05-06,22,2,0,5,Basketball,28,100.0
2026-04-28,19,1,0,4,Football,49,98.0
2026-03-24,22,1,0,3,Tennis,19,95.0
2026-04-24,18,4,0,4,Volleyball,30,100.0
2026-04-26,18,6,1,4,Football,73,100.0
2026-07-22,8,2,0,7,Gym,48,100.0
2026-06-28,21,6,1,6,Basketball,27,100.0
2026-08-12,18,2,0,8,Gym,56,100.0
2026-04-12,7,6,1,4,Gym,42,100.0
2026-08-13,19,3,0,8,Football,49,98.0
2026-03-28,9,5,1,3,Badminton,37,100.0
2026-08-02,16,6,1,8,Badminton,40,100.0
2026-05-12,11,1,0,5,Volleyball,8,40.0
2026-03-17,12,1,0,3,Volleyball,13,65.0
2026-05-19,12,1,0,5,Volleyball,16,80.0
2026-08-11,7,1,0,8,Football,36,72.0
2026-03-22,7,6,1,3,Volleyball,29,100.0
2026-07-02,7,3,0,7,Badminton,37,100.0
2026-03-24,15,1,0,3,Badminton,27,90.0
2026-05-12,18,1,0,5,Volleyball,33,100.0
2026-05-20,18,2,0,5,Cricket,35,100.0
2026-04-03,9,4,0,4,Basketball,33,100.0
2026-07-07,9,1,0,7,Volleyball,29,100.0
2026-04-08,6,2,0,4,Volleyball,19,95.0
2026-06-06,21,5,1,6,Volleyball,20,100.0
2026-03-10,15,1,0,3,Football,24,48.0
2026-08-22,20,5,1,8,Badminton,55,100.0
2026-03-24,13,1,0,3,Football,40,80.0
2026-08-22,10,5,1,8,Gym,53,100.0
2026-04-11,22,5,1,4,Volleyball,18,90.0
2026-08-03,22,0,0,8,Gym,32,100.0
2026-06-23,10,1,0,6,Basketball,21,100.0
2026-06-01,19,0,0,6,Badminton,56,100.0
2026-08-22,18,5,1,8,Football,63,100.0
2026-08-04,8,1,0,8,Football,41,82.0
2026-08-08,21,5,1,8,Badminton,34,100.0
2026-03-04,10,2,0,3,Gym,40,100.0
2026-05-19,8,1,0,5,Tennis,28,100.0
2026-06-25,16,3,0,6,Football,26,52.0
2026-04-11,8,5,1,4,Basketball,36,100.0
2026-06-02,17,1,0,6,Badminton,46,100.0
2026-04-15,20,2,0,4,Basketball,47,100.0
2026-05-05,20,1,0,5,Cricket,32,100.0
2026-04-01,21,2,0,4,Badminton,27,90.0
2026-05-13,18,2,0,5,Tennis,53,100.0
2026-08-06,10,3,0,8,Tennis,22,100.0
2026-07-10,16,4,0,7,Basketball,18,90.0
2026-08-22,19,5,1,8,Volleyball,37,100.0
2026-05-07,7,3,0,5,Volleyball,27,100.0
2026-03-15,13,6,1,3,Cricket,41,100.0
2026-07-22,6,2,0,7,Football,35,70.0
2026-03-27,15,4,0,3,Tennis,19,95.0
2026-07-24,18,4,0,7,Gym,51,100.0
2026-04-27,18,0,0,4,Gym,57,100.0
2026-08-19,8,2,0,8,Basketball,34,100.0
2026-06-28,20,6,1,6,Badminton,46,100.0
2026-04-16,9,3,0,4,Tennis,39,100.0
2026-06-19,12,4,0,6,Tennis,28,100.0
2026-03-17,16,1,0,3,Basketball,26,100.0
2026-07-03,12,4,0,7,Cricket,24,100.0
2026-06-30,9,1,0,6,Basketball,34,100.0
2026-03-10,10,1,0,3,Tennis,19,95.0
2026-08-11,12,1,0,8,Basketball,32,100.0
2026-03-09,18,0,0,3,Badminton,57,100.0
2026-06-01,19,0,0,6,Tennis,43,100.0
2026-03-14,12,5,1,3,Gym,48,100.0
2026-08-23,19,6,1,8,Basketball,44,100.0
2026-08-10,11,0,0,8,Badminton,24,80.0
2026-03-18,14,2,0,3,Tennis,24,100.0
2026-05-16,20,5,1,5,Gym,56,100.0
2026-07-13,12,0,0,7,Cricket,17,85.0
2026-04-17,7,4,0,4,Badminton,38,100.0
2026-05-27,15,2,0,5,Football,25,50.0
2026-05-29,19,4,0,5,Tennis,47,100.0
2026-07-16,11,3,0,7,Cricket,13,65.0
2026-05-30,18,5,1,5,Gym,65,100.0
2026-07-22,12,2,0,7,Badminton,39,100.0
2026-08-18,10,1,0,8,Basketball,27,100.0
2026-05-21,6,3,0,5,Football,29,58.0
2026-04-07,21,1,0,4,Gym,32,100.0
2026-03-30,19,0,0,3,Basketball,48,100.0
2026-03-01,20,6,1,3,Gym,63,100.0
2026-04-02,20,3,0,4,Cricket,39,100.0
2026-03-25,7,2,0,3,Football,43,86.0
2026-04-18,19,5,1,4,Cricket,38,100.0
2026-04-12,18,6,1,4,Football,65,100.0
2026-04-23,12,3,0,4,Cricket,22,100.0
2026-03-04,17,2,0,3,Gym,55,100.0
2026-03-05,15,3,0,3,Basketball,25,100.0
2026-04-01,21,2,0,4,Cricket,14,70.0
2026-06-14,19,6,1,6,Basketball,45,100.0
2026-07-17,19,4,0,7,Volleyball,42,100.0
2026-05-25,9,0,0,5,Football,39,78.0
2026-06-18,17,3,0,6,Football,53,100.0
2026-07-31,11,4,0,7,Volleyball,13,65.0
2026-06-06,15,5,1,6,Gym,52,100.0
2026-08-24,19,0,0,8,Cricket,34,100.0
2026-08-27,9,3,0,8,Badminton,44,100.0
2026-03-27,8,4,0,3,Cricket,17,85.0
2026-08-05,19,2,0,8,Badminton,52,100.0
2026-08-07,9,4,0,8,Cricket,24,100.0
2026-07-07,7,1,0,7,Cricket,21,100.0
2026-06-16,12,1,0,6,Football,40,80.0
2026-06-25,18,3,0,6,Badminton,48,100.0
2026-06-29,9,0,0,6,Basketball,39,100.0
2026-06-27,19,5,1,6,Gym,60,100.0
2026-08-28,18,4,0,8,Badminton,50,100.0
2026-04-27,22,0,0,4,Basketball,21,100.0
2026-08-16,14,6,1,8,Basketball,51,100.0
2026-06-15,13,0,0,6,Badminton,34,100.0
2026-03-09,6,0,0,3,Badminton,24,80.0
2026-06-04,22,3,0,6,Gym,38,100.0
2026-08-01,16,5,1,8,Basketball,34,100.0
2026-07-25,19,5,1,7,Football,53,100.0
2026-06-09,12,1,0,6,Volleyball,23,100.0
2026-06-09,7,1,0,6,Gym,46,100.0
2026-06-18,10,3,0,6,Cricket,13,65.0
2026-04-14,18,1,0,4,Basketball,48,100.0
2026-04-10,19,4,0,4,Football,46,92.0
2026-04-02,22,3,0,4,Badminton,32,100.0
2026-07-26,18,6,1,7,Gym,77,100.0
2026-08-08,14,5,1,8,Gym,56,100.0
2026-04-10,16,4,0,4,Football,23,46.0
2026-03-24,6,1,0,3,Tennis,17,85.0
2026-08-08,10,5,1,8,Badminton,46,100.0
2026-07-18,8,5,1,7,Volleyball,23,100.0
2026-03-07,10,5,1,3,Tennis,42,100.0
2026-08-09,17,6,1,8,Football,63,100.0
2026-08-15,13,5,1,8,Basketball,41,100.0
2026-07-16,13,3,0,7,Cricket,25,100.0
2026-06-05,14,4,0,6,Cricket,13,65.0
2026-05-10,8,6,1,5,Football,42,84.0
2026-03-06,9,4,0,3,Badminton,39,100.0
2026-07-31,9,4,0,7,Badminton,34,100.0
2026-05-12,14,1,0,5,Football,29,58.0
2026-03-20,21,4,0,3,Gym,32,100.0
2026-04-23,18,3,0,4,Badminton,52,100.0
2026-03-06,19,4,0,3,Badminton,52,100.0
2026-08-08,8,5,1,8,Football,42,84.0
2026-06-16,18,1,0,6,Basketball,50,100.0
2026-06-24,11,2,0,6,Football,26,52.0
2026-03-03,11,1,0,3,Cricket,16,80.0
2026-08-09,7,6,1,8,Badminton,37,100.0
2026-05-28,21,3,0,5,Volleyball,16,80.0
2026-07-18,6,5,1,7,Football,30,60.0
2026-05-05,9,1,0,5,Football,41,82.0
2026-03-08,6,6,1,3,Volleyball,15,75.0
2026-04-09,12,3,0,4,Gym,38,100.0
2026-03-30,12,0,0,3,Badminton,33,100.0
2026-04-05,13,6,1,4,Badminton,54,100.0
2026-08-25,10,1,0,8,Basketball,21,100.0
2026-07-02,12,3,0,7,Badminton,33,100.0
2026-07-20,15,0,0,7,Tennis,28,100.0
2026-07-05,19,6,1,7,Volleyball,36,100.0
2026-04-19,14,6,1,4,Football,46,92.0
2026-08-23,14,6,1,8,Tennis,39,100.0
2026-07-28,15,1,0,7,Football,34,68.0
2026-04-22,21,2,0,4,Tennis,24,100.0
2026-06-17,14,2,0,6,Gym,38,100.0
2026-08-07,9,4,0,8,Volleyball,23,100.0
2026-06-18,12,3,0,6,Volleyball,18,90.0
2026-06-04,8,3,0,6,Tennis,29,100.0
2026-03-09,22,0,0,3,Basketball,26,100.0
2026-06-13,15,5,1,6,Volleyball,35,100.0
2026-08-13,22,3,0,8,Basketball,23,100.0
2026-03-08,9,6,1,3,Football,44,88.0
2026-05-22,19,4,0,5,Gym,52,100.0
2026-05-31,13,6,1,5,Badminton,46,100.0
2026-08-16,17,6,1,8,Basketball,57,100.0
2026-05-20,9,2,0,5,Badminton,37,100.0
2026-08-24,6,0,0,8,Cricket,12,60.0
2026-04-24,20,4,0,4,Volleyball,42,100.0
2026-05-22,13,4,0,5,Volleyball,14,70.0
2026-06-07,15,6,1,6,Volleyball,25,100.0
2026-07-13,12,0,0,7,Badminton,36,100.0
2026-05-11,8,0,0,5,Volleyball,27,100.0
2026-06-16,19,1,0,6,Basketball,53,100.0
2026-05-21,12,3,0,5,Football,28,56.0
2026-07-05,21,6,1,7,Badminton,26,86.7
2026-06-16,9,1,0,6,Badminton,39,100.0
2026-04-13,16,0,0,4,Volleyball,13,65.0
2026-04-30,6,3,0,4,Basketball,17,85.0
2026-08-12,6,2,0,8,Tennis,21,100.0
2026-04-03,18,4,0,4,Badminton,53,100.0
2026-07-14,7,1,0,7,Basketball,37,100.0
2026-03-05,8,3,0,3,Tennis,28,100.0
2026-06-15,15,0,0,6,Basketball,22,100.0
2026-05-28,18,3,0,5,Badminton,53,100.0
2026-05-20,21,2,0,5,Volleyball,7,35.0
2026-06-09,15,1,0,6,Cricket,14,70.0
2026-07-05,9,6,1,7,Gym,42,100.0
2026-08-06,9,3,0,8,Badminton,35,100.0
2026-03-13,6,4,0,3,Football,23,46.0
2026-05-22,19,4,0,5,Football,47,94.0
2026-03-23,12,0,0,3,Cricket,25,100.0
2026-06-03,6,2,0,6,Cricket,20,100.0
2026-03-14,14,5,1,3,Gym,48,100.0
2026-03-29,7,6,1,3,Basketball,28,100.0
2026-05-07,16,3,0,5,Cricket,16,80.0
2026-06-06,14,5,1,6,Cricket,30,100.0
2026-04-05,20,6,1,4,Badminton,47,100.0
2026-05-21,10,3,0,5,Gym,36,100.0
2026-06-14,20,6,1,6,Cricket,31,100.0
2026-07-12,22,6,1,7,Football,31,62.0
2026-07-01,21,2,0,7,Basketball,22,100.0
2026-07-02,13,3,0,7,Badminton,32,100.0
2026-05-15,8,4,0,5,Basketball,35,100.0
2026-05-02,12,5,1,5,Cricket,29,100.0
2026-03-20,21,4,0,3,Badminton,25,83.3
2026-03-04,12,2,0,3,Tennis,36,100.0
2026-06-07,12,6,1,6,Tennis,39,100.0
2026-05-27,12,2,0,5,Gym,42,100.0
2026-07-14,22,1,0,7,Gym,32,100.0
2026-05-19,20,1,0,5,Cricket,32,100.0
2026-07-08,9,2,0,7,Football,35,70.0
2026-06-02,18,1,0,6,Tennis,53,100.0
2026-08-06,22,3,0,8,Football,34,68.0
2026-06-11,12,3,0,6,Badminton,32,100.0
2026-06-17,11,2,0,6,Cricket,11,55.0
2026-07-26,9,6,1,7,Football,39,78.0
2026-03-28,9,5,1,3,Football,32,64.0
2026-06-26,11,4,0,6,Basketball,17,85.0
2026-06-30,22,1,0,6,Tennis,22,100.0
2026-05-07,9,3,0,5,Volleyball,18,90.0
2026-05-30,19,5,1,5,Football,47,94.0
2026-06-10,22,2,0,6,Tennis,25,100.0
2026-05-25,7,0,0,5,Tennis,31,100.0
2026-06-03,9,2,0,6,Badminton,42,100.0
2026-06-06,19,5,1,6,Football,49,98.0
2026-04-18,18,5,1,4,Football,69,100.0
2026-05-10,22,6,1,5,Volleyball,14,70.0
2026-07-11,19,5,1,7,Badminton,55,100.0
2026-03-13,13,4,0,3,Badminton,31,100.0
2026-03-30,7,0,0,3,Badminton,41,100.0
2026-05-08,13,4,0,5,Badminton,36,100.0
2026-03-26,14,3,0,3,Football,37,74.0
2026-08-27,18,3,0,8,Tennis,46,100.0
2026-03-26,13,3,0,3,Cricket,26,100.0
2026-08-25,14,1,0,8,Tennis,26,100.0
2026-04-13,12,0,0,4,Basketball,33,100.0
2026-05-13,15,2,0,5,Cricket,7,35.0
2026-03-25,11,2,0,3,Volleyball,18,90.0
2026-08-07,21,4,0,8,Cricket,11,55.0
2026-08-24,13,0,0,8,Football,33,66.0
2026-08-22,8,5,1,8,Football,34,68.0
2026-05-25,20,0,0,5,Football,45,90.0
2026-08-18,21,1,0,8,Tennis,22,100.0
2026-03-06,11,4,0,3,Basketball,18,90.0
2026-04-13,6,0,0,4,Volleyball,12,60.0
2026-06-30,6,1,0,6,Tennis,30,100.0
2026-05-03,21,6,1,5,Badminton,22,73.3
2026-03-05,15,3,0,3,Gym,30,100.0
2026-07-13,22,0,0,7,Football,34,68.0
2026-04-07,9,1,0,4,Badminton,36,100.0
2026-05-25,20,0,0,5,Tennis,51,100.0
2026-05-29,14,4,0,5,Cricket,20,100.0
2026-05-04,17,0,0,5,Tennis,40,100.0
2026-05-30,15,5,1,5,Cricket,27,100.0
2026-07-11,21,5,1,7,Badminton,26,86.7
2026-08-23,22,6,1,8,Cricket,17,85.0
2026-03-06,10,4,0,3,Tennis,30,100.0
2026-04-26,10,6,1,4,Basketball,39,100.0
2026-03-08,13,6,1,3,Volleyball,39,100.0
2026-08-26,19,2,0,8,Basketball,43,100.0
2026-03-23,12,0,0,3,Tennis,33,100.0
2026-03-28,14,5,1,3,Cricket,38,100.0
2026-07-18,20,5,1,7,Volleyball,32,100.0
2026-05-07,17,3,0,5,Basketball,46,100.0
2026-07-29,19,2,0,7,Basketball,44,100.0
2026-04-18,7,5,1,4,Volleyball,25,100.0
2026-08-27,16,3,0,8,Gym,36,100.0
2026-04-01,19,2,0,4,Gym,57,100.0
2026-07-24,17,4,0,7,Basketball,41,100.0
2026-03-03,21,1,0,3,Cricket,9,45.0
2026-06-28,10,6,1,6,Volleyball,26,100.0
2026-08-07,11,4,0,8,Basketball,24,100.0
2026-05-13,8,2,0,5,Gym,41,100.0
2026-03-04,20,2,0,3,Badminton,48,100.0
2026-05-12,9,1,0,5,Badminton,39,100.0
2026-05-18,6,0,0,5,Tennis,22,100.0
2026-08-17,6,0,0,8,Badminton,26,86.7
2026-04-05,17,6,1,4,Basketball,67,100.0
2026-07-07,10,1,0,7,Badminton,33,100.0
2026-05-09,10,5,1,5,Cricket,25,100.0
2026-06-19,8,4,0,6,Basketball,30,100.0
2026-03-09,21,0,0,3,Basketball,20,100.0
2026-08-21,18,4,0,8,Tennis,46,100.0
2026-03-26,14,3,0,3,Basketball,32,100.0
2026-05-19,11,1,0,5,Volleyball,13,65.0
2026-08-21,16,4,0,8,Gym,36,100.0
2026-04-05,12,6,1,4,Basketball,40,100.0
2026-06-15,12,0,0,6,Basketball,27,100.0
2026-03-22,15,6,1,3,Volleyball,32,100.0
2026-06-27,11,5,1,6,Tennis,44,100.0
2026-06-20,9,5,1,6,Football,40,80.0
2026-06-22,16,0,0,6,Volleyball,17,85.0
2026-05-31,20,6,1,5,Basketball,46,100.0
2026-06-28,19,6,1,6,Tennis,47,100.0
2026-03-08,6,6,1,3,Gym,33,100.0
2026-03-23,10,0,0,3,Volleyball,11,55.0
2026-05-02,22,5,1,5,Basketball,19,95.0
2026-08-06,15,3,0,8,Badminton,34,100.0
2026-06-09,10,1,0,6,Tennis,27,100.0
2026-03-02,20,0,0,3,Gym,62,100.0
2026-07-11,20,5,1,7,Gym,50,100.0
2026-03-22,7,6,1,3,Basketball,40,100.0
2026-08-14,9,4,0,8,Basketball,36,100.0
2026-03-25,15,2,0,3,Volleyball,14,70.0
2026-08-24,16,0,0,8,Gym,27,90.0
2026-04-01,22,2,0,4,Cricket,18,90.0
2026-03-14,12,5,1,3,Volleyball,30,100.0
2026-07-22,21,2,0,7,Football,25,50.0
2026-08-20,10,3,0,8,Basketball,27,100.0
2026-05-19,6,1,0,5,Gym,34,100.0
2026-08-07,12,4,0,8,Badminton,29,96.7
2026-03-01,10,6,1,3,Volleyball,23,100.0
2026-07-12,9,6,1,7,Football,35,70.0
2026-03-27,21,4,0,3,Badminton,35,100.0
2026-07-08,20,2,0,7,Tennis,40,100.0
2026-04-01,15,2,0,4,Tennis,24,100.0
2026-04-17,13,4,0,4,Gym,46,100.0
2026-07-18,14,5,1,7,Gym,57,100.0
2026-08-22,20,5,1,8,Gym,60,100.0
2026-08-05,9,2,0,8,Tennis,29,100.0
2026-08-10,6,0,0,8,Football,24,48.0
2026-08-16,13,6,1,8,Football,51,100.0
2026-08-27,12,3,0,8,Tennis,30,100.0
2026-05-14,15,3,0,5,Cricket,8,40.0
2026-07-29,21,2,0,7,Basketball,27,100.0
2026-05-10,18,6,1,5,Tennis,66,100.0
2026-03-28,20,5,1,3,Tennis,53,100.0
2026-06-17,10,2,0,6,Badminton,26,86.7
2026-06-26,9,4,0,6,Volleyball,23,100.0
2026-03-03,15,1,0,3,Badminton,32,100.0
2026-08-14,20,4,0,8,Badminton,50,100.0
2026-04-05,20,6,1,4,Cricket,37,100.0
2026-05-10,6,6,1,5,Football,27,54.0
2026-07-07,22,1,0,7,Football,27,54.0
2026-08-28,22,4,0,8,Tennis,25,100.0
2026-03-17,11,1,0,3,Cricket,9,45.0
2026-05-30,16,5,1,5,Tennis,43,100.0
2026-04-05,14,6,1,4,Gym,60,100.0
2026-08-16,15,6,1,8,Tennis,33,100.0
2026-08-13,21,3,0,8,Tennis,24,100.0
2026-08-03,11,0,0,8,Volleyball,18,90.0
2026-07-08,22,2,0,7,Basketball,19,95.0
2026-08-26,16,2,0,8,Volleyball,16,80.0
2026-05-29,18,4,0,5,Badminton,45,100.0
2026-03-08,11,6,1,3,Football,38,76.0
2026-08-18,9,1,0,8,Tennis,37,100.0
2026-06-30,16,1,0,6,Gym,30,100.0
2026-04-30,9,3,0,4,Football,43,86.0
2026-06-07,19,6,1,6,Badminton,45,100.0
2026-08-04,14,1,0,8,Badminton,28,93.3
2026-03-19,20,3,0,3,Gym,55,100.0
2026-08-03,6,0,0,8,Football,27,54.0
2026-03-28,20,5,1,3,Tennis,42,100.0
2026-08-11,12,1,0,8,Football,32,64.0
2026-07-04,20,5,1,7,Cricket,34,100.0
2026-04-27,12,0,0,4,Cricket,15,75.0
2026-06-20,22,5,1,6,Gym,39,100.0
2026-04-19,8,6,1,4,Volleyball,17,85.0
2026-08-09,9,6,1,8,Football,32,64.0
2026-04-05,6,6,1,4,Basketball,29,100.0
2026-06-13,8,5,1,6,Basketball,29,100.0
2026-08-22,22,5,1,8,Tennis,20,100.0
2026-04-23,21,3,0,4,Volleyball,12,60.0
2026-05-31,10,6,1,5,Gym,43,100.0
2026-06-21,19,6,1,6,Cricket,36,100.0
2026-03-19,8,3,0,3,Football,44,88.0
2026-07-11,15,5,1,7,Badminton,38,100.0
2026-07-06,13,0,0,7,Badminton,37,100.0
2026-07-17,16,4,0,7,Badminton,25,83.3
2026-05-14,14,3,0,5,Tennis,34,100.0
2026-05-31,8,6,1,5,Gym,50,100.0
2026-04-10,15,4,0,4,Badminton,30,100.0
2026-07-26,13,6,1,7,Gym,56,100.0
2026-08-04,22,1,0,8,Basketball,23,100.0
2026-08-06,7,3,0,8,Volleyball,28,100.0
2026-03-29,21,6,1,3,Basketball,27,100.0
2026-03-08,7,6,1,3,Basketball,33,100.0
2026-05-06,12,2,0,5,Basketball,35,100.0
2026-03-16,10,0,0,3,Football,30,60.0
2026-05-24,7,6,1,5,Football,39,78.0
2026-03-19,7,3,0,3,Basketball,28,100.0
2026-06-15,8,0,0,6,Volleyball,24,100.0
2026-04-03,14,4,0,4,Cricket,13,65.0
2026-03-27,7,4,0,3,Tennis,35,100.0
2026-04-27,17,0,0,4,Tennis,47,100.0
2026-05-17,13,6,1,5,Badminton,43,100.0
2026-03-07,12,5,1,3,Volleyball,37,100.0
2026-06-06,6,5,1,6,Volleyball,14,70.0
2026-03-14,18,5,1,3,Gym,71,100.0
2026-08-26,10,2,0,8,Tennis,28,100.0
2026-06-18,10,3,0,6,Badminton,29,96.7
2026-03-31,17,1,0,3,Basketball,43,100.0
2026-05-27,19,2,0,5,Badminton,48,100.0
2026-04-29,8,2,0,4,Volleyball,17,85.0
2026-04-28,19,1,0,4,Cricket,42,100.0
2026-07-16,7,3,0,7,Gym,37,100.0
2026-05-03,7,6,1,5,Badminton,32,100.0
2026-04-02,20,3,0,4,Football,49,98.0
2026-03-12,16,3,0,3,Basketball,26,100.0
2026-08-15,13,5,1,8,Basketball,40,100.0
2026-08-03,18,0,0,8,Tennis,50,100.0
2026-04-01,8,2,0,4,Badminton,36,100.0
2026-07-18,12,5,1,7,Tennis,49,100.0
2026-05-31,13,6,1,5,Tennis,49,100.0
2026-05-17,17,6,1,5,Gym,73,100.0
2026-05-14,13,3,0,5,Volleyball,17,85.0
2026-05-21,22,3,0,5,Badminton,22,73.3
2026-05-28,19,3,0,5,Cricket,39,100.0
2026-07-03,14,4,0,7,Badminton,31,100.0
2026-04-05,22,6,1,4,Football,26,52.0
2026-07-20,12,0,0,7,Badminton,33,100.0
2026-04-06,7,0,0,4,Football,43,86.0
2026-06-21,20,6,1,6,Badminton,45,100.0
2026-07-06,7,0,0,7,Basketball,31,100.0
2026-07-29,18,2,0,7,Basketball,53,100.0
2026-03-22,7,6,1,3,Basketball,40,100.0
2026-08-04,18,1,0,8,Tennis,40,100.0
2026-06-06,18,5,1,6,Tennis,55,100.0
2026-04-27,12,0,0,4,Tennis,25,100.0
2026-08-16,19,6,1,8,Volleyball,30,100.0
2026-08-17,15,0,0,8,Badminton,30,100.0
2026-05-29,6,4,0,5,Volleyball,19,95.0
2026-05-26,14,1,0,5,Gym,45,100.0
2026-07-30,12,3,0,7,Gym,33,100.0
2026-05-27,19,2,0,5,Gym,56,100.0
2026-03-15,9,6,1,3,Volleyball,23,100.0
2026-08-21,15,4,0,8,Gym,35,100.0
2026-06-27,19,5,1,6,Volleyball,41,100.0
2026-07-24,22,4,0,7,Basketball,19,95.0
2026-06-06,20,5,1,6,Cricket,33,100.0
2026-04-03,6,4,0,4,Basketball,29,100.0
2026-08-22,14,5,1,8,Badminton,46,100.0
2026-07-17,15,4,0,7,Basketball,26,100.0
2026-06-10,7,2,0,6,Volleyball,21,100.0
2026-06-01,14,0,0,6,Cricket,17,85.0
2026-08-15,6,5,1,8,Badminton,26,86.7
2026-07-24,16,4,0,7,Gym,31,100.0
2026-04-15,20,2,0,4,Tennis,40,100.0
2026-06-21,6,6,1,6,Tennis,17,85.0
2026-05-31,21,6,1,5,Cricket,20,100.0
2026-07-21,12,1,0,7,Tennis,23,100.0
2026-07-27,8,0,0,7,Basketball,36,100.0
2026-07-20,16,0,0,7,Badminton,29,96.7
2026-04-16,14,3,0,4,Gym,45,100.0
2026-05-10,14,6,1,5,Gym,55,100.0
2026-04-02,13,3,0,4,Cricket,15,75.0
2026-04-07,7,1,0,4,Football,33,66.0
2026-08-15,7,5,1,8,Football,42,84.0
2026-07-08,20,2,0,7,Volleyball,35,100.0
2026-03-11,13,2,0,3,Badminton,39,100.0
2026-05-06,14,2,0,5,Badminton,38,100.0
2026-05-30,7,5,1,5,Volleyball,20,100.0
2026-05-29,9,4,0,5,Badminton,40,100.0
2026-06-22,9,0,0,6,Volleyball,18,90.0
2026-04-30,12,3,0,4,Basketball,32,100.0
2026-06-04,19,3,0,6,Badminton,55,100.0
2026-06-18,15,3,0,6,Football,22,44.0
2026-05-23,17,5,1,5,Basketball,61,100.0
2026-08-14,17,4,0,8,Tennis,44,100.0
2026-08-07,6,4,0,8,Football,27,54.0
2026-03-12,15,3,0,3,Football,31,62.0
2026-03-07,9,5,1,3,Volleyball,20,100.0
2026-05-20,22,2,0,5,Cricket,19,95.0
2026-07-09,17,3,0,7,Football,51,100.0
2026-07-28,7,1,0,7,Cricket,28,100.0
2026-04-08,18,2,0,4,Gym,60,100.0
2026-03-21,8,5,1,3,Football,41,82.0
2026-07-07,19,1,0,7,Volleyball,41,100.0
2026-04-01,22,2,0,4,Gym,27,90.0
2026-08-03,21,0,0,8,Cricket,15,75.0
2026-07-12,20,6,1,7,Basketball,44,100.0
2026-04-19,15,6,1,4,Football,42,84.0
2026-05-02,17,5,1,5,Football,67,100.0
2026-05-20,9,2,0,5,Cricket,20,100.0
2026-06-22,19,0,0,6,Basketball,41,100.0
2026-05-30,22,5,1,5,Badminton,27,90.0
2026-08-15,21,5,1,8,Volleyball,10,50.0
2026-06-23,19,1,0,6,Football,54,100.0
2026-04-02,13,3,0,4,Gym,39,100.0
2026-08-20,10,3,0,8,Volleyball,11,55.0
2026-05-13,16,2,0,5,Basketball,18,90.0
2026-03-21,19,5,1,3,Tennis,48,100.0
2026-04-07,21,1,0,4,Cricket,19,95.0
2026-04-20,11,0,0,4,Tennis,17,85.0
2026-04-12,9,6,1,4,Tennis,31,100.0
2026-07-20,21,0,0,7,Cricket,8,40.0
2026-04-02,7,3,0,4,Gym,43,100.0
2026-03-07,11,5,1,3,Badminton,39,100.0
2026-07-10,22,4,0,7,Tennis,23,100.0
2026-05-30,10,5,1,5,Tennis,43,100.0
2026-07-21,13,1,0,7,Cricket,17,85.0
2026-03-31,16,1,0,3,Gym,32,100.0
2026-07-30,9,3,0,7,Cricket,17,85.0
2026-03-19,17,3,0,3,Tennis,46,100.0
2026-08-09,20,6,1,8,Cricket,43,100.0
2026-06-20,15,5,1,6,Gym,49,100.0
2026-08-27,10,3,0,8,Cricket,9,45.0
2026-07-29,22,2,0,7,Badminton,24,80.0
2026-03-02,17,0,0,3,Cricket,40,100.0
2026-06-25,18,3,0,6,Basketball,47,100.0
2026-04-15,22,2,0,4,Cricket,16,80.0
2026-05-11,9,0,0,5,Football,36,72.0
2026-07-05,16,6,1,7,Badminton,46,100.0
2026-07-11,22,5,1,7,Volleyball,15,75.0
2026-06-18,15,3,0,6,Basketball,23,100.0
2026-05-21,11,3,0,5,Football,22,44.0
2026-04-23,19,3,0,4,Volleyball,34,100.0
2026-07-26,16,6,1,7,Badminton,42,100.0
2026-05-12,11,1,0,5,Badminton,26,86.7
2026-05-10,21,6,1,5,Tennis,20,100.0
2026-04-13,15,0,0,4,Basketball,26,100.0
2026-03-28,13,5,1,3,Cricket,32,100.0
2026-04-06,9,0,0,4,Football,40,80.0
2026-07-09,11,3,0,7,Badminton,31,100.0
2026-03-11,12,2,0,3,Badminton,35,100.0
2026-03-07,17,5,1,3,Football,64,100.0
2026-07-25,19,5,1,7,Cricket,37,100.0
2026-07-12,10,6,1,7,Gym,49,100.0
2026-05-15,9,4,0,5,Cricket,28,100.0
2026-03-31,20,1,0,3,Tennis,47,100.0
2026-05-07,8,3,0,5,Gym,39,100.0
2026-05-11,9,0,0,5,Basketball,39,100.0
2026-03-21,13,5,1,3,Cricket,29,100.0
2026-05-23,11,5,1,5,Volleyball,27,100.0
2026-05-10,20,6,1,5,Cricket,41,100.0
2026-07-10,8,4,0,7,Cricket,28,100.0
2026-05-20,7,2,0,5,Tennis,28,100.0
2026-08-28,22,4,0,8,Basketball,20,100.0
2026-07-21,7,1,0,7,Cricket,27,100.0
2026-03-03,13,1,0,3,Football,37,74.0
2026-06-05,13,4,0,6,Cricket,16,80.0
2026-05-07,21,3,0,5,Football,29,58.0
2026-04-17,21,4,0,4,Basketball,19,95.0
2026-04-20,8,0,0,4,Volleyball,30,100.0
2026-04-24,6,4,0,4,Tennis,18,90.0
2026-07-04,12,5,1,7,Cricket,30,100.0
2026-03-10,19,1,0,3,Cricket,34,100.0
2026-08-05,18,2,0,8,Cricket,39,100.0
2026-04-30,17,3,0,4,Tennis,48,100.0
2026-08-16,11,6,1,8,Basketball,45,100.0
2026-04-29,15,2,0,4,Cricket,14,70.0
2026-07-04,18,5,1,7,Volleyball,50,100.0
2026-07-18,21,5,1,7,Basketball,18,90.0
2026-04-26,9,6,1,4,Gym,49,100.0
2026-05-13,19,2,0,5,Tennis,45,100.0
2026-05-03,19,6,1,5,Badminton,47,100.0
2026-06-27,16,5,1,6,Cricket,23,100.0
2026-05-28,18,3,0,5,Cricket,32,100.0
2026-07-02,21,3,0,7,Volleyball,13,65.0
2026-08-23,13,6,1,8,Badminton,47,100.0
2026-05-08,22,4,0,5,Football,35,70.0
2026-06-13,7,5,1,6,Volleyball,29,100.0
2026-05-22,14,4,0,5,Cricket,18,90.0
2026-06-14,18,6,1,6,Gym,72,100.0
2026-06-17,18,2,0,6,Basketball,40,100.0
2026-05-08,21,4,0,5,Cricket,10,50.0
2026-05-26,7,1,0,5,Basketball,34,100.0
2026-06-13,13,5,1,6,Volleyball,30,100.0
2026-07-16,12,3,0,7,Gym,43,100.0
2026-03-29,16,6,1,3,Football,46,92.0
2026-07-17,6,4,0,7,Cricket,7,35.0
2026-06-06,8,5,1,6,Gym,48,100.0
2026-05-25,17,0,0,5,Gym,62,100.0
2026-07-20,8,0,0,7,Cricket,17,85.0
2026-07-11,12,5,1,7,Basketball,46,100.0
2026-04-20,11,0,0,4,Gym,35,100.0
2026-06-10,13,2,0,6,Basketball,35,100.0
2026-04-11,17,5,1,4,Basketball,61,100.0
2026-04-25,13,5,1,4,Badminton,43,100.0
2026-03-06,22,4,0,3,Badminton,30,100.0
2026-06-10,21,2,0,6,Badminton,24,80.0
2026-05-12,15,1,0,5,Badminton,25,83.3
2026-08-09,13,6,1,8,Badminton,47,100.0
2026-04-01,18,2,0,4,Cricket,36,100.0
2026-04-03,14,4,0,4,Gym,34,100.0
2026-03-20,8,4,0,3,Volleyball,28,100.0
2026-08-28,19,4,0,8,Badminton,45,100.0
2026-07-17,10,4,0,7,Badminton,33,100.0
2026-07-29,18,2,0,7,Football,58,100.0
2026-08-03,15,0,0,8,Gym,32,100.0
2026-06-17,22,2,0,6,Cricket,7,35.0
2026-05-17,14,6,1,5,Tennis,41,100.0
2026-03-26,14,3,0,3,Cricket,22,100.0
2026-06-29,18,0,0,6,Basketball,46,100.0
2026-03-24,13,1,0,3,Tennis,31,100.0
2026-05-11,21,0,0,5,Basketball,28,100.0
2026-07-15,22,2,0,7,Football,28,56.0
2026-03-05,21,3,0,3,Cricket,13,65.0
2026-06-04,9,3,0,6,Tennis,30,100.0
2026-07-26,6,6,1,7,Tennis,29,100.0
2026-04-29,20,2,0,4,Basketball,47,100.0
2026-07-23,9,3,0,7,Cricket,21,100.0
2026-05-25,10,0,0,5,Gym,37,100.0
2026-03-22,9,6,1,3,Volleyball,19,95.0
2026-04-23,21,3,0,4,Volleyball,10,50.0
2026-03-22,10,6,1,3,Tennis,41,100.0
2026-06-30,22,1,0,6,Cricket,20,100.0
2026-07-24,13,4,0,7,Badminton,40,100.0
2026-07-05,14,6,1,7,Tennis,42,100.0
2026-05-26,10,1,0,5,Badminton,27,90.0
2026-08-24,19,0,0,8,Gym,50,100.0
2026-05-08,12,4,0,5,Gym,41,100.0
2026-07-04,21,5,1,7,Basketball,27,100.0
2026-04-30,16,3,0,4,Tennis,28,100.0
2026-07-02,22,3,0,7,Volleyball,20,100.0
2026-03-21,9,5,1,3,Tennis,38,100.0
2026-03-20,18,4,0,3,Football,57,100.0
2026-03-04,11,2,0,3,Volleyball,18,90.0
2026-04-01,11,2,0,4,Football,29,58.0
2026-03-30,7,0,0,3,Tennis,34,100.0
2026-04-13,22,0,0,4,Tennis,19,95.0
2026-07-19,19,6,1,7,Tennis,40,100.0
2026-05-15,9,4,0,5,Tennis,31,100.0
2026-08-21,14,4,0,8,Volleyball,18,90.0
2026-08-05,17,2,0,8,Volleyball,40,100.0
2026-04-12,10,6,1,4,Basketball,40,100.0
2026-08-23,12,6,1,8,Gym,57,100.0
2026-06-04,22,3,0,6,Volleyball,11,55.0
2026-06-29,20,0,0,6,Football,50,100.0
2026-04-04,11,5,1,4,Volleyball,33,100.0
2026-06-30,6,1,0,6,Basketball,23,100.0
2026-04-15,10,2,0,4,Tennis,18,90.0
2026-03-02,15,0,0,3,Cricket,10,50.0
2026-04-21,9,1,0,4,Volleyball,24,100.0
2026-05-24,9,6,1,5,Badminton,41,100.0
2026-06-28,11,6,1,6,Badminton,42,100.0
2026-08-10,13,0,0,8,Basketball,33,100.0
2026-03-04,12,2,0,3,Basketball,27,100.0
2026-06-18,15,3,0,6,Basketball,26,100.0
2026-06-12,14,4,0,6,Volleyball,21,100.0
2026-08-12,12,2,0,8,Badminton,37,100.0
2026-04-09,9,3,0,4,Cricket,20,100.0
2026-05-11,11,0,0,5,Basketball,26,100.0
2026-03-27,10,4,0,3,Gym,35,100.0
2026-07-29,18,2,0,7,Basketball,49,100.0
2026-07-30,14,3,0,7,Gym,44,100.0
2026-08-05,21,2,0,8,Football,24,48.0
2026-03-01,13,6,1,3,Football,44,88.0
2026-08-05,10,2,0,8,Football,24,48.0
2026-06-30,6,1,0,6,Basketball,18,90.0
2026-03-14,10,5,1,3,Volleyball,34,100.0
2026-06-21,19,6,1,6,Cricket,37,100.0
2026-05-23,15,5,1,5,Volleyball,34,100.0
2026-03-31,13,1,0,3,Volleyball,19,95.0
2026-06-05,18,4,0,6,Cricket,37,100.0
2026-05-30,15,5,1,5,Gym,50,100.0
2026-05-21,22,3,0,5,Badminton,31,100.0
2026-04-24,11,4,0,4,Cricket,20,100.0
2026-05-11,10,0,0,5,Gym,33,100.0
2026-07-22,20,2,0,7,Tennis,51,100.0
2026-05-04,9,0,0,5,Volleyball,23,100.0
2026-08-14,17,4,0,8,Football,45,90.0
2026-06-02,20,1,0,6,Gym,60,100.0
2026-05-28,19,3,0,5,Football,54,100.0
2026-07-22,12,2,0,7,Tennis,28,100.0
2026-04-15,6,2,0,4,Football,29,58.0
2026-06-01,22,0,0,6,Football,22,44.0
2026-07-29,15,2,0,7,Basketball,18,90.0
2026-06-03,14,2,0,6,Volleyball,13,65.0
2026-08-03,14,0,0,8,Badminton,38,100.0
2026-05-10,21,6,1,5,Tennis,17,85.0
2026-08-26,14,2,0,8,Basketball,33,100.0
2026-03-15,6,6,1,3,Gym,38,100.0
2026-06-29,20,0,0,6,Tennis,42,100.0
2026-06-30,9,1,0,6,Badminton,37,100.0
2026-03-08,10,6,1,3,Cricket,33,100.0
2026-04-15,10,2,0,4,Badminton,28,93.3
2026-03-31,7,1,0,3,Tennis,37,100.0
2026-03-16,16,0,0,3,Badminton,35,100.0
2026-07-18,14,5,1,7,Gym,51,100.0
2026-08-15,6,5,1,8,Basketball,30,100.0
2026-08-20,16,3,0,8,Cricket,9,45.0
2026-07-29,17,2,0,7,Volleyball,30,100.0
2026-08-18,18,1,0,8,Tennis,53,100.0
2026-08-18,7,1,0,8,Badminton,35,100.0
2026-07-07,10,1,0,7,Cricket,11,55.0
2026-03-22,11,6,1,3,Tennis,32,100.0
2026-05-10,12,6,1,5,Cricket,36,100.0
2026-06-13,11,5,1,6,Cricket,33,100.0
2026-03-01,15,6,1,3,Basketball,40,100.0
2026-05-29,9,4,0,5,Basketball,34,100.0
2026-07-24,8,4,0,7,Volleyball,24,100.0
2026-03-23,9,0,0,3,Badminton,34,100.0
2026-03-23,11,0,0,3,Basketball,26,100.0
2026-08-08,6,5,1,8,Gym,29,96.7
2026-03-03,12,1,0,3,Cricket,18,90.0
2026-06-26,8,4,0,6,Cricket,20,100.0
2026-05-18,12,0,0,5,Cricket,25,100.0
2026-04-03,15,4,0,4,Badminton,28,93.3
2026-08-28,15,4,0,8,Football,26,52.0
2026-04-05,16,6,1,4,Tennis,35,100.0
2026-04-18,14,5,1,4,Football,45,90.0
2026-05-15,14,4,0,5,Cricket,20,100.0
2026-05-07,8,3,0,5,Tennis,32,100.0
2026-07-27,17,0,0,7,Basketball,52,100.0
2026-08-12,22,2,0,8,Tennis,30,100.0
2026-08-09,11,6,1,8,Badminton,50,100.0
2026-07-28,18,1,0,7,Football,53,100.0
2026-07-24,12,4,0,7,Cricket,19,95.0
2026-05-28,15,3,0,5,Football,27,54.0
2026-08-27,22,3,0,8,Volleyball,20,100.0
2026-05-08,8,4,0,5,Volleyball,29,100.0
2026-04-23,14,3,0,4,Football,35,70.0
2026-05-06,7,2,0,5,Badminton,40,100.0
2026-08-16,11,6,1,8,Tennis,34,100.0
2026-06-28,16,6,1,6,Basketball,41,100.0
2026-06-05,7,4,0,6,Basketball,38,100.0
2026-03-27,17,4,0,3,Gym,50,100.0
2026-04-10,19,4,0,4,Tennis,45,100.0
2026-05-26,9,1,0,5,Football,37,74.0
2026-05-18,11,0,0,5,Tennis,25,100.0
2026-04-17,6,4,0,4,Tennis,29,100.0
2026-08-05,20,2,0,8,Volleyball,39,100.0
2026-08-25,19,1,0,8,Cricket,36,100.0
2026-06-30,13,1,0,6,Basketball,34,100.0
2026-06-04,16,3,0,6,Tennis,27,100.0
2026-06-11,15,3,0,6,Badminton,25,83.3
2026-07-08,9,2,0,7,Tennis,33,100.0
2026-05-08,18,4,0,5,Volleyball,30,100.0
2026-04-11,22,5,1,4,Football,26,52.0
2026-07-31,22,4,0,7,Football,31,62.0
2026-04-05,10,6,1,4,Cricket,27,100.0
2026-03-14,8,5,1,3,Basketball,39,100.0
2026-04-06,17,0,0,4,Tennis,46,100.0
2026-04-12,20,6,1,4,Badminton,55,100.0
2026-04-07,12,1,0,4,Football,32,64.0
2026-05-18,8,0,0,5,Football,35,70.0
2026-04-22,19,2,0,4,Badminton,56,100.0
2026-05-02,10,5,1,5,Cricket,30,100.0
2026-06-04,6,3,0,6,Tennis,19,95.0
2026-05-28,9,3,0,5,Tennis,35,100.0
2026-08-23,18,6,1,8,Cricket,48,100.0
2026-06-29,18,0,0,6,Gym,57,100.0
2026-08-28,13,4,0,8,Gym,34,100.0
2026-06-08,10,0,0,6,Basketball,29,100.0
2026-04-04,18,5,1,4,Gym,70,100.0
2026-05-12,19,1,0,5,Volleyball,36,100.0
2026-07-15,8,2,0,7,Basketball,34,100.0
2026-08-19,6,2,0,8,Football,31,62.0
2026-04-15,13,2,0,4,Basketball,28,100.0
2026-05-27,22,2,0,5,Gym,27,90.0
2026-08-04,18,1,0,8,Badminton,55,100.0
2026-04-28,10,1,0,4,Tennis,20,100.0
2026-03-12,12,3,0,3,Basketball,29,100.0
2026-03-24,16,1,0,3,Tennis,27,100.0
2026-04-16,19,3,0,4,Football,49,98.0
2026-05-19,18,1,0,5,Cricket,43,100.0
2026-07-02,7,3,0,7,Basketball,33,100.0
2026-04-15,11,2,0,4,Tennis,27,100.0
2026-07-11,9,5,1,7,Tennis,39,100.0
2026-03-22,17,6,1,3,Cricket,56,100.0
2026-03-26,18,3,0,3,Gym,62,100.0
2026-03-04,11,2,0,3,Basketball,19,95.0
2026-07-26,22,6,1,7,Tennis,27,100.0
2026-06-25,6,3,0,6,Tennis,27,100.0
2026-08-19,18,2,0,8,Tennis,52,100.0
2026-03-14,15,5,1,3,Tennis,36,100.0
2026-08-10,9,0,0,8,Volleyball,29,100.0
2026-06-24,22,2,0,6,Basketball,29,100.0
2026-06-30,16,1,0,6,Gym,35,100.0
2026-06-02,9,1,0,6,Gym,39,100.0
2026-06-17,18,2,0,6,Gym,60,100.0
2026-03-21,10,5,1,3,Badminton,42,100.0
2026-07-30,14,3,0,7,Football,36,72.0
2026-08-05,20,2,0,8,Tennis,40,100.0
2026-06-27,15,5,1,6,Badminton,38,100.0
2026-07-04,20,5,1,7,Basketball,40,100.0
2026-08-01,17,5,1,8,Basketball,61,100.0
2026-05-26,15,1,0,5,Gym,40,100.0
2026-03-07,14,5,1,3,Football,47,94.0
2026-05-31,19,6,1,5,Badminton,52,100.0
2026-05-23,15,5,1,5,Cricket,22,100.0
2026-07-31,9,4,0,7,Basketball,38,100.0
2026-03-10,18,1,0,3,Football,47,94.0
2026-03-22,9,6,1,3,Football,43,86.0
2026-04-07,21,1,0,4,Tennis,21,100.0
2026-05-28,20,3,0,5,Cricket,39,100.0
2026-05-02,22,5,1,5,Volleyball,14,70.0
2026-03-11,8,2,0,3,Basketball,32,100.0
2026-03-10,10,1,0,3,Volleyball,18,90.0
2026-08-11,9,1,0,8,Tennis,35,100.0
2026-03-21,16,5,1,3,Cricket,33,100.0
2026-05-17,19,6,1,5,Tennis,40,100.0
2026-04-17,14,4,0,4,Cricket,23,100.0
2026-03-21,19,5,1,3,Badminton,57,100.0
2026-04-19,14,6,1,4,Basketball,47,100.0
2026-07-10,13,4,0,7,Cricket,25,100.0
2026-03-13,17,4,0,3,Volleyball,37,100.0
2026-04-25,19,5,1,4,Basketball,51,100.0
2026-08-24,11,0,0,8,Basketball,25,100.0
2026-08-19,7,2,0,8,Volleyball,23,100.0
2026-04-16,15,3,0,4,Basketball,17,85.0
2026-06-13,12,5,1,6,Badminton,55,100.0
2026-06-15,10,0,0,6,Basketball,21,100.0
2026-06-27,16,5,1,6,Badminton,40,100.0
2026-04-27,6,0,0,4,Cricket,12,60.0
2026-04-26,8,6,1,4,Volleyball,21,100.0
2026-08-03,20,0,0,8,Volleyball,36,100.0
2026-08-10,16,0,0,8,Volleyball,13,65.0
2026-06-30,6,1,0,6,Basketball,22,100.0
2026-05-21,17,3,0,5,Gym,57,100.0
2026-04-08,20,2,0,4,Gym,61,100.0
2026-07-06,12,0,0,7,Volleyball,24,100.0
2026-04-13,18,0,0,4,Basketball,46,100.0
2026-03-09,8,0,0,3,Cricket,24,100.0
2026-07-22,17,2,0,7,Badminton,48,100.0
2026-07-14,17,1,0,7,Basketball,44,100.0
2026-05-20,20,2,0,5,Cricket,37,100.0
2026-03-08,10,6,1,3,Volleyball,31,100.0
2026-04-12,17,6,1,4,Volleyball,51,100.0
2026-06-15,6,0,0,6,Gym,31,100.0
2026-07-21,21,1,0,7,Football,28,56.0
2026-07-16,10,3,0,7,Tennis,26,100.0
2026-04-01,9,2,0,4,Tennis,30,100.0
2026-04-24,9,4,0,4,Volleyball,21,100.0
2026-04-15,11,2,0,4,Gym,39,100.0
2026-06-11,19,3,0,6,Basketball,52,100.0
2026-04-25,19,5,1,4,Volleyball,34,100.0
2026-05-21,17,3,0,5,Cricket,31,100.0
2026-08-18,16,1,0,8,Volleyball,15,75.0
2026-07-15,18,2,0,7,Football,58,100.0
2026-06-12,21,4,0,6,Gym,34,100.0
2026-05-13,20,2,0,5,Football,58,100.0
2026-04-15,18,2,0,4,Basketball,40,100.0
2026-07-15,16,2,0,7,Gym,34,100.0
2026-08-15,11,5,1,8,Cricket,23,100.0
2026-06-07,19,6,1,6,Tennis,46,100.0
2026-04-18,6,5,1,4,Volleyball,10,50.0
2026-04-05,22,6,1,4,Badminton,31,100.0
2026-07-25,19,5,1,7,Badminton,50,100.0
2026-08-04,13,1,0,8,Football,37,74.0
2026-08-08,21,5,1,8,Cricket,8,40.0
2026-06-03,6,2,0,6,Cricket,16,80.0
2026-08-15,18,5,1,8,Volleyball,53,100.0
2026-04-19,11,6,1,4,Tennis,37,100.0
2026-05-01,11,4,0,5,Tennis,28,100.0
2026-04-21,16,1,0,4,Football,26,52.0
2026-03-17,6,1,0,3,Football,31,62.0
2026-06-27,20,5,1,6,Football,55,100.0
2026-08-02,20,6,1,8,Football,57,100.0
2026-04-15,20,2,0,4,Volleyball,40,100.0
2026-03-29,16,6,1,3,Gym,44,100.0
2026-05-02,20,5,1,5,Cricket,31,100.0
2026-03-02,7,0,0,3,Cricket,27,100.0
2026-06-13,22,5,1,6,Tennis,30,100.0
2026-06-07,8,6,1,6,Gym,43,100.0
2026-05-06,9,2,0,5,Cricket,29,100.0
2026-08-03,6,0,0,8,Tennis,24,100.0
2026-03-16,15,0,0,3,Gym,33,100.0
2026-03-11,17,2,0,3,Tennis,51,100.0
2026-07-09,20,3,0,7,Tennis,52,100.0
2026-04-01,9,2,0,4,Football,45,90.0
2026-05-07,9,3,0,5,Cricket,19,95.0
2026-06-02,19,1,0,6,Cricket,35,100.0
2026-04-06,13,0,0,4,Gym,40,100.0
2026-04-23,14,3,0,4,Badminton,33,100.0
2026-08-12,8,2,0,8,Tennis,38,100.0
2026-07-04,13,5,1,7,Gym,52,100.0
2026-05-27,15,2,0,5,Cricket,14,70.0
2026-05-24,20,6,1,5,Cricket,34,100.0
2026-07-24,14,4,0,7,Volleyball,13,65.0
2026-04-05,10,6,1,4,Volleyball,26,100.0
2026-03-07,13,5,1,3,Basketball,47,100.0
2026-06-01,15,0,0,6,Basketball,28,100.0
2026-04-10,15,4,0,4,Tennis,28,100.0
2026-06-21,15,6,1,6,Football,48,96.0
2026-08-25,10,1,0,8,Football,31,62.0
2026-05-14,18,3,0,5,Basketball,50,100.0
2026-04-28,6,1,0,4,Gym,30,100.0
2026-07-28,15,1,0,7,Football,31,62.0
2026-03-04,14,2,0,3,Basketball,34,100.0
2026-07-09,22,3,0,7,Tennis,24,100.0
2026-08-06,11,3,0,8,Basketball,27,100.0
2026-04-09,22,3,0,4,Basketball,25,100.0
2026-06-04,18,3,0,6,Gym,57,100.0
2026-08-13,11,3,0,8,Gym,35,100.0
2026-07-02,11,3,0,7,Tennis,23,100.0
2026-03-04,8,2,0,3,Basketball,30,100.0
2026-05-19,12,1,0,5,Football,30,60.0
2026-05-11,9,0,0,5,Cricket,20,100.0
2026-05-31,21,6,1,5,Tennis,26,100.0
2026-08-11,6,1,0,8,Gym,38,100.0
2026-07-13,13,0,0,7,Cricket,16,80.0
2026-06-02,7,1,0,6,Tennis,37,100.0
2026-03-26,16,3,0,3,Volleyball,8,40.0
2026-05-09,8,5,1,5,Gym,37,100.0
2026-06-23,22,1,0,6,Football,25,50.0
2026-05-05,11,1,0,5,Cricket,17,85.0
2026-05-02,13,5,1,5,Cricket,39,100.0
2026-06-25,11,3,0,6,Badminton,31,100.0
2026-05-08,14,4,0,5,Badminton,39,100.0
2026-04-18,8,5,1,4,Football,40,80.0
2026-05-17,7,6,1,5,Football,35,70.0
2026-05-02,21,5,1,5,Tennis,18,90.0
2026-07-16,7,3,0,7,Basketball,39,100.0
2026-08-10,8,0,0,8,Football,39,78.0
2026-03-30,20,0,0,3,Badminton,52,100.0
2026-04-20,9,0,0,4,Volleyball,26,100.0
2026-04-25,21,5,1,4,Basketball,26,100.0
2026-03-03,19,1,0,3,Gym,51,100.0
2026-06-22,12,0,0,6,Volleyball,25,100.0
2026-08-10,20,0,0,8,Badminton,49,100.0
2026-06-13,14,5,1,6,Tennis,48,100.0
2026-04-15,16,2,0,4,Volleyball,14,70.0
2026-07-10,15,4,0,7,Cricket,11,55.0
2026-05-07,13,3,0,5,Basketball,27,100.0
2026-08-21,22,4,0,8,Basketball,27,100.0
2026-06-21,9,6,1,6,Gym,39,100.0
2026-07-03,6,4,0,7,Basketball,25,100.0
2026-06-29,21,0,0,6,Football,24,48.0
2026-03-17,19,1,0,3,Cricket,34,100.0
2026-03-25,20,2,0,3,Basketball,50,100.0
2026-08-23,11,6,1,8,Football,49,98.0
2026-03-28,13,5,1,3,Football,47,94.0
2026-07-07,15,1,0,7,Basketball,29,100.0
2026-07-14,21,1,0,7,Badminton,32,100.0
2026-05-16,12,5,1,5,Volleyball,38,100.0
2026-04-09,16,3,0,4,Football,25,50.0
2026-06-10,11,2,0,6,Gym,29,96.7
2026-08-04,11,1,0,8,Basketball,25,100.0
2026-06-30,19,1,0,6,Gym,61,100.0
2026-05-08,13,4,0,5,Basketball,30,100.0
2026-05-17,17,6,1,5,Football,64,100.0
2026-05-25,17,0,0,5,Gym,61,100.0
2026-05-20,20,2,0,5,Basketball,46,100.0
2026-07-23,18,3,0,7,Gym,56,100.0
2026-03-02,18,0,0,3,Badminton,51,100.0
2026-05-30,10,5,1,5,Tennis,44,100.0
2026-05-10,6,6,1,5,Gym,38,100.0
2026-04-21,12,1,0,4,Cricket,24,100.0
2026-05-05,15,1,0,5,Gym,32,100.0
2026-03-07,16,5,1,3,Tennis,44,100.0
2026-06-06,16,5,1,6,Volleyball,30,100.0
2026-04-21,12,1,0,4,Volleyball,21,100.0
2026-06-21,14,6,1,6,Badminton,44,100.0
2026-05-02,11,5,1,5,Basketball,43,100.0
2026-07-01,21,2,0,7,Badminton,34,100.0
2026-08-16,18,6,1,8,Cricket,56,100.0
2026-07-03,13,4,0,7,Basketball,32,100.0
2026-07-29,18,2,0,7,Badminton,46,100.0
2026-03-15,16,6,1,3,Basketball,40,100.0
2026-06-03,20,2,0,6,Basketball,41,100.0
2026-06-29,10,0,0,6,Cricket,8,40.0
2026-05-23,19,5,1,5,Gym,52,100.0
2026-04-08,15,2,0,4,Volleyball,10,50.0
2026-07-22,8,2,0,7,Tennis,30,100.0
2026-05-23,14,5,1,5,Volleyball,36,100.0
2026-05-14,6,3,0,5,Football,34,68.0
2026-03-18,16,2,0,3,Gym,32,100.0
2026-06-23,12,1,0,6,Football,33,66.0
2026-06-28,13,6,1,6,Tennis,43,100.0
2026-05-25,12,0,0,5,Cricket,24,100.0
2026-05-06,14,2,0,5,Volleyball,24,100.0
2026-03-06,10,4,0,3,Badminton,32,100.0
2026-06-14,19,6,1,6,Tennis,52,100.0
2026-07-03,7,4,0,7,Gym,45,100.0
2026-03-16,22,0,0,3,Basketball,17,85.0
2026-07-23,19,3,0,7,Badminton,53,100.0
2026-05-23,21,5,1,5,Basketball,26,100.0
2026-05-25,8,0,0,5,Cricket,18,90.0
2026-07-23,8,3,0,7,Volleyball,29,100.0
2026-03-29,11,6,1,3,Gym,50,100.0
2026-03-23,20,0,0,3,Volleyball,40,100.0
2026-04-18,8,5,1,4,Gym,47,100.0
2026-06-19,14,4,0,6,Tennis,30,100.0
2026-04-08,16,2,0,4,Badminton,24,80.0
2026-08-13,16,3,0,8,Tennis,25,100.0
2026-08-25,19,1,0,8,Badminton,51,100.0
2026-07-26,15,6,1,7,Badminton,46,100.0
2026-06-08,6,0,0,6,Badminton,25,83.3
2026-05-22,19,4,0,5,Football,49,98.0
2026-04-27,16,0,0,4,Volleyball,14,70.0
2026-08-15,12,5,1,8,Gym,61,100.0
2026-07-26,17,6,1,7,Cricket,58,100.0
2026-07-26,10,6,1,7,Football,49,98.0
2026-04-07,12,1,0,4,Basketball,25,100.0
2026-03-26,6,3,0,3,Volleyball,16,80.0
2026-03-11,10,2,0,3,Volleyball,12,60.0
2026-03-18,16,2,0,3,Gym,32,100.0
2026-04-28,12,1,0,4,Football,32,64.0
2026-04-11,19,5,1,4,Basketball,43,100.0
2026-04-25,17,5,1,4,Badminton,62,100.0
2026-06-21,9,6,1,6,Gym,43,100.0
2026-03-07,20,5,1,3,Gym,61,100.0
2026-04-23,18,3,0,4,Badminton,52,100.0
2026-06-21,18,6,1,6,Football,63,100.0
2026-06-06,9,5,1,6,Badminton,34,100.0
2026-07-08,22,2,0,7,Badminton,24,80.0
2026-04-23,9,3,0,4,Tennis,38,100.0
2026-08-02,17,6,1,8,Cricket,50,100.0
2026-06-15,12,0,0,6,Football,29,58.0
2026-07-08,17,2,0,7,Tennis,44,100.0
2026-07-09,9,3,0,7,Tennis,27,100.0
2026-03-02,18,0,0,3,Gym,56,100.0
2026-06-11,9,3,0,6,Basketball,32,100.0
2026-05-19,8,1,0,5,Tennis,40,100.0
2026-08-14,15,4,0,8,Football,33,66.0
2026-03-22,18,6,1,3,Tennis,55,100.0
2026-05-10,16,6,1,5,Badminton,39,100.0
2026-05-03,11,6,1,5,Volleyball,22,100.0
2026-04-02,22,3,0,4,Football,24,48.0
2026-08-25,21,1,0,8,Gym,27,90.0
2026-03-16,12,0,0,3,Gym,44,100.0
2026-08-17,15,0,0,8,Basketball,26,100.0
2026-06-15,11,0,0,6,Tennis,19,95.0
2026-04-14,22,1,0,4,Football,33,66.0
2026-08-19,11,2,0,8,Basketball,18,90.0
2026-04-11,6,5,1,4,Tennis,20,100.0
2026-05-18,18,0,0,5,Cricket,35,100.0
2026-05-07,16,3,0,5,Badminton,34,100.0
2026-03-07,16,5,1,3,Badminton,44,100.0
2026-03-09,10,0,0,3,Tennis,17,85.0
2026-07-17,18,4,0,7,Gym,59,100.0
2026-07-13,11,0,0,7,Football,23,46.0
2026-03-04,17,2,0,3,Football,46,92.0
2026-06-16,8,1,0,6,Badminton,39,100.0
2026-06-27,19,5,1,6,Gym,58,100.0
2026-06-21,10,6,1,6,Gym,51,100.0
2026-08-11,6,1,0,8,Basketball,24,100.0
2026-06-29,14,0,0,6,Football,33,66.0
2026-08-16,17,6,1,8,Volleyball,55,100.0
2026-03-25,21,2,0,3,Tennis,28,100.0
2026-07-25,12,5,1,7,Football,46,92.0
2026-07-10,10,4,0,7,Gym,29,96.7
2026-04-27,8,0,0,4,Cricket,18,90.0
2026-06-12,15,4,0,6,Volleyball,8,40.0
2026-05-03,13,6,1,5,Basketball,40,100.0
2026-08-16,15,6,1,8,Basketball,43,100.0
2026-06-27,22,5,1,6,Volleyball,16,80.0
2026-05-08,10,4,0,5,Basketball,23,100.0
2026-06-04,10,3,0,6,Volleyball,18,90.0
2026-03-09,18,0,0,3,Cricket,30,100.0
2026-04-20,11,0,0,4,Badminton,24,80.0
2026-08-10,7,0,0,8,Gym,49,100.0
2026-04-30,11,3,0,4,Tennis,22,100.0
2026-03-03,21,1,0,3,Tennis,30,100.0
2026-05-28,12,3,0,5,Cricket,26,100.0
2026-07-26,18,6,1,7,Tennis,58,100.0
2026-06-25,14,3,0,6,Volleyball,20,100.0
2026-03-31,14,1,0,3,Cricket,25,100.0
2026-07-10,16,4,0,7,Basketball,19,95.0
2026-05-05,16,1,0,5,Gym,40,100.0
2026-07-03,20,4,0,7,Cricket,31,100.0
2026-08-19,16,2,0,8,Gym,35,100.0
2026-05-07,8,3,0,5,Gym,42,100.0
2026-06-18,6,3,0,6,Volleyball,9,45.0
2026-03-25,13,2,0,3,Tennis,36,100.0
2026-03-29,9,6,1,3,Volleyball,28,100.0
2026-05-15,10,4,0,5,Gym,32,100.0
2026-05-18,20,0,0,5,Tennis,48,100.0
2026-03-22,22,6,1,3,Football,28,56.0
2026-07-09,12,3,0,7,Football,41,82.0
2026-08-22,13,5,1,8,Gym,48,100.0
2026-04-20,17,0,0,4,Volleyball,39,100.0
2026-04-08,22,2,0,4,Volleyball,7,35.0
2026-07-15,17,2,0,7,Volleyball,33,100.0
2026-08-25,22,1,0,8,Football,27,54.0
2026-04-10,9,4,0,4,Cricket,19,95.0
2026-08-10,13,0,0,8,Gym,45,100.0
2026-04-08,19,2,0,4,Gym,53,100.0
2026-05-11,7,0,0,5,Tennis,31,100.0
2026-06-08,22,0,0,6,Tennis,24,100.0
2026-06-28,16,6,1,6,Football,48,96.0
2026-05-16,6,5,1,5,Badminton,26,86.7
2026-07-21,15,1,0,7,Football,33,66.0
2026-08-04,8,1,0,8,Badminton,44,100.0
2026-06-14,10,6,1,6,Football,44,88.0
2026-04-11,13,5,1,4,Tennis,50,100.0
2026-04-10,19,4,0,4,Tennis,49,100.0
2026-04-19,13,6,1,4,Gym,53,100.0
2026-03-19,13,3,0,3,Basketball,25,100.0
2026-06-11,9,3,0,6,Cricket,28,100.0
2026-07-28,10,1,0,7,Football,29,58.0
2026-04-06,14,0,0,4,Gym,38,100.0
2026-03-03,9,1,0,3,Volleyball,21,100.0
2026-07-13,9,0,0,7,Gym,47,100.0
2026-08-01,21,5,1,8,Football,32,64.0
2026-06-21,15,6,1,6,Gym,43,100.0
2026-07-17,20,4,0,7,Football,46,92.0
2026-05-27,14,2,0,5,Badminton,34,100.0
2026-05-05,9,1,0,5,Cricket,24,100.0
2026-06-18,11,3,0,6,Cricket,18,90.0
2026-07-03,15,4,0,7,Football,30,60.0
2026-03-27,8,4,0,3,Cricket,26,100.0
2026-08-01,17,5,1,8,Football,73,100.0
2026-08-18,21,1,0,8,Gym,38,100.0
2026-06-19,19,4,0,6,Badminton,55,100.0
2026-03-27,14,4,0,3,Gym,44,100.0
2026-05-10,14,6,1,5,Cricket,36,100.0
2026-05-24,19,6,1,5,Cricket,43,100.0
2026-05-04,17,0,0,5,Badminton,45,100.0
2026-03-26,21,3,0,3,Football,31,62.0
2026-07-05,13,6,1,7,Volleyball,34,100.0
2026-08-18,14,1,0,8,Badminton,40,100.0
2026-07-03,18,4,0,7,Volleyball,38,100.0
2026-08-18,18,1,0,8,Badminton,54,100.0
2026-03-28,9,5,1,3,Volleyball,18,90.0
2026-03-31,13,1,0,3,Basketball,32,100.0
2026-08-20,19,3,0,8,Gym,56,100.0
2026-03-11,17,2,0,3,Cricket,42,100.0
2026-06-21,20,6,1,6,Volleyball,43,100.0
2026-07-12,7,6,1,7,Tennis,40,100.0
2026-08-08,19,5,1,8,Cricket,30,100.0
2026-04-25,11,5,1,4,Badminton,47,100.0
2026-05-24,9,6,1,5,Basketball,33,100.0
2026-03-08,20,6,1,3,Gym,54,100.0
2026-05-31,17,6,1,5,Basketball,58,100.0
2026-05-10,20,6,1,5,Gym,50,100.0
2026-05-23,20,5,1,5,Cricket,40,100.0
2026-05-07,11,3,0,5,Football,30,60.0
2026-07-19,16,6,1,7,Cricket,28,100.0
2026-05-29,11,4,0,5,Gym,34,100.0
2026-03-23,16,0,0,3,Basketball,26,100.0
2026-07-16,13,3,0,7,Basketball,36,100.0
2026-05-18,9,0,0,5,Cricket,18,90.0
2026-08-11,18,1,0,8,Basketball,49,100.0
2026-07-06,11,0,0,7,Gym,33,100.0
2026-04-21,14,1,0,4,Gym,44,100.0
2026-07-03,17,4,0,7,Basketball,52,100.0
2026-06-21,17,6,1,6,Gym,67,100.0
2026-04-13,16,0,0,4,Badminton,23,76.7
2026-04-18,15,5,1,4,Volleyball,33,100.0
2026-08-12,15,2,0,8,Gym,35,100.0
2026-07-16,11,3,0,7,Tennis,26,100.0
2026-08-26,8,2,0,8,Football,33,66.0
2026-03-24,18,1,0,3,Gym,54,100.0
2026-04-07,16,1,0,4,Volleyball,12,60.0
2026-06-10,10,2,0,6,Tennis,18,90.0
2026-05-15,8,4,0,5,Basketball,30,100.0
2026-06-22,7,0,0,6,Football,40,80.0
2026-04-09,14,3,0,4,Badminton,35,100.0
2026-04-27,13,0,0,4,Football,31,62.0
2026-06-21,12,6,1,6,Football,43,86.0
2026-05-15,13,4,0,5,Badminton,41,100.0
2026-08-04,21,1,0,8,Gym,34,100.0
2026-06-15,12,0,0,6,Tennis,25,100.0
2026-07-11,18,5,1,7,Cricket,54,100.0
2026-06-08,14,0,0,6,Cricket,25,100.0
2026-06-02,14,1,0,6,Tennis,28,100.0
2026-06-02,13,1,0,6,Basketball,31,100.0
2026-05-31,8,6,1,5,Cricket,19,95.0
2026-05-22,13,4,0,5,Gym,41,100.0
2026-07-27,10,0,0,7,Badminton,34,100.0
2026-07-08,21,2,0,7,Volleyball,12,60.0
2026-03-27,13,4,0,3,Cricket,18,90.0
2026-08-27,13,3,0,8,Tennis,27,100.0
2026-07-26,7,6,1,7,Tennis,36,100.0
2026-06-21,21,6,1,6,Volleyball,13,65.0
2026-03-17,11,1,0,3,Badminton,30,100.0
2026-06-23,7,1,0,6,Basketball,34,100.0
2026-08-28,10,4,0,8,Badminton,32,100.0
2026-05-30,8,5,1,5,Cricket,21,100.0
2026-07-24,14,4,0,7,Cricket,13,65.0
2026-08-01,21,5,1,8,Tennis,28,100.0
2026-04-04,18,5,1,4,Football,70,100.0
2026-06-24,15,2,0,6,Volleyball,18,90.0
2026-08-20,15,3,0,8,Basketball,20,100.0
2026-07-24,22,4,0,7,Tennis,19,95.0
2026-07-17,16,4,0,7,Gym,27,90.0
2026-08-04,7,1,0,8,Cricket,29,100.0
2026-05-31,9,6,1,5,Gym,38,100.0
2026-08-05,8,2,0,8,Volleyball,23,100.0
2026-04-11,12,5,1,4,Football,52,100.0
2026-04-15,11,2,0,4,Badminton,32,100.0
2026-07-05,9,6,1,7,Basketball,28,100.0
2026-03-25,18,2,0,3,Volleyball,41,100.0
2026-08-23,18,6,1,8,Gym,71,100.0
2026-06-06,21,5,1,6,Football,35,70.0
2026-05-27,11,2,0,5,Badminton,26,86.7
2026-05-30,11,5,1,5,Cricket,28,100.0
2026-05-04,21,0,0,5,Badminton,24,80.0
2026-05-06,18,2,0,5,Football,48,96.0
2026-05-29,8,4,0,5,Basketball,34,100.0
2026-03-25,22,2,0,3,Basketball,17,85.0
2026-08-03,7,0,0,8,Volleyball,17,85.0
2026-08-22,17,5,1,8,Badminton,62,100.0
2026-03-01,22,6,1,3,Badminton,22,73.3
2026-05-23,18,5,1,5,Basketball,55,100.0
2026-07-24,17,4,0,7,Gym,51,100.0
2026-04-14,12,1,0,4,Cricket,22,100.0
2026-07-06,11,0,0,7,Volleyball,10,50.0
2026-05-28,9,3,0,5,Gym,47,100.0
2026-04-09,17,3,0,4,Volleyball,32,100.0
2026-06-21,11,6,1,6,Volleyball,24,100.0
2026-06-22,6,0,0,6,Volleyball,7,35.0
2026-07-16,9,3,0,7,Gym,41,100.0
2026-05-14,9,3,0,5,Basketball,37,100.0
2026-04-16,22,3,0,4,Football,23,46.0
2026-07-06,12,0,0,7,Volleyball,15,75.0
2026-08-04,16,1,0,8,Tennis,27,100.0
2026-07-19,18,6,1,7,Gym,72,100.0
2026-03-30,8,0,0,3,Basketball,30,100.0
2026-06-02,10,1,0,6,Football,35,70.0
2026-07-04,12,5,1,7,Gym,54,100.0
2026-03-11,17,2,0,3,Badminton,52,100.0
2026-08-16,9,6,1,8,Gym,45,100.0
2026-03-24,16,1,0,3,Volleyball,16,80.0
2026-07-26,22,6,1,7,Tennis,29,100.0
2026-07-18,12,5,1,7,Basketball,43,100.0
2026-04-04,20,5,1,4,Gym,53,100.0
2026-05-14,19,3,0,5,Tennis,46,100.0
2026-06-05,8,4,0,6,Tennis,27,100.0
2026-07-04,9,5,1,7,Basketball,35,100.0
2026-07-02,18,3,0,7,Basketball,47,100.0
2026-05-13,7,2,0,5,Volleyball,30,100.0
2026-03-11,12,2,0,3,Badminton,32,100.0
2026-07-29,11,2,0,7,Cricket,12,60.0
2026-03-13,6,4,0,3,Badminton,26,86.7
2026-06-07,12,6,1,6,Basketball,46,100.0
2026-03-14,19,5,1,3,Cricket,38,100.0
2026-07-13,11,0,0,7,Volleyball,12,60.0
2026-08-22,7,5,1,8,Football,33,66.0
2026-06-26,11,4,0,6,Football,33,66.0
2026-05-21,8,3,0,5,Cricket,20,100.0
2026-07-05,12,6,1,7,Volleyball,38,100.0
2026-08-04,6,1,0,8,Badminton,28,93.3
2026-04-22,9,2,0,4,Basketball,27,100.0
2026-05-01,16,4,0,5,Football,28,56.0
2026-04-28,17,1,0,4,Gym,56,100.0
2026-03-12,10,3,0,3,Football,31,62.0
2026-05-03,14,6,1,5,Tennis,48,100.0
2026-07-25,15,5,1,7,Football,47,94.0
2026-05-09,19,5,1,5,Cricket,30,100.0
2026-06-15,19,0,0,6,Tennis,44,100.0
2026-04-18,21,5,1,4,Basketball,26,100.0
2026-03-03,18,1,0,3,Badminton,56,100.0
2026-06-23,10,1,0,6,Cricket,18,90.0
2026-04-27,8,0,0,4,Cricket,18,90.0
2026-03-30,11,0,0,3,Gym,34,100.0
2026-03-18,11,2,0,3,Volleyball,12,60.0
2026-04-12,14,6,1,4,Cricket,39,100.0
2026-08-25,18,1,0,8,Basketball,48,100.0
2026-05-13,15,2,0,5,Gym,36,100.0
2026-05-06,9,2,0,5,Gym,38,100.0
2026-06-10,12,2,0,6,Badminton,36,100.0
2026-07-06,12,0,0,7,Football,36,72.0
2026-03-10,21,1,0,3,Tennis,18,90.0
2026-03-29,13,6,1,3,Badminton,56,100.0
2026-06-08,11,0,0,6,Badminton,34,100.0
2026-08-25,8,1,0,8,Football,38,76.0
2026-08-05,17,2,0,8,Tennis,51,100.0
2026-04-06,20,0,0,4,Volleyball,42,100.0
2026-03-11,22,2,0,3,Gym,30,100.0
2026-04-23,16,3,0,4,Badminton,31,100.0
2026-03-04,10,2,0,3,Basketball,30,100.0
2026-05-04,11,0,0,5,Basketball,24,100.0
2026-04-21,7,1,0,4,Tennis,33,100.0
2026-04-09,15,3,0,4,Volleyball,8,40.0
2026-04-27,11,0,0,4,Cricket,10,50.0
2026-05-25,20,0,0,5,Badminton,58,100.0
2026-06-21,8,6,1,6,Gym,40,100.0
2026-08-02,22,6,1,8,Basketball,25,100.0
2026-04-11,10,5,1,4,Volleyball,27,100.0
2026-03-15,9,6,1,3,Cricket,18,90.0
2026-06-13,22,5,1,6,Volleyball,7,35.0
2026-08-06,11,3,0,8,Cricket,12,60.0
2026-06-03,7,2,0,6,Football,33,66.0
2026-08-23,13,6,1,8,Badminton,49,100.0
2026-03-01,7,6,1,3,Gym,43,100.0
2026-07-24,9,4,0,7,Gym,40,100.0
2026-08-08,7,5,1,8,Volleyball,25,100.0
2026-03-19,6,3,0,3,Cricket,20,100.0
2026-06-30,18,1,0,6,Basketball,50,100.0
2026-08-05,18,2,0,8,Tennis,51,100.0
2026-04-30,21,3,0,4,Volleyball,11,55.0
2026-05-28,20,3,0,5,Tennis,42,100.0
2026-06-25,17,3,0,6,Football,47,94.0
2026-05-13,11,2,0,5,Tennis,21,100.0
2026-04-11,17,5,1,4,Cricket,45,100.0
2026-06-19,15,4,0,6,Football,22,44.0
2026-06-26,19,4,0,6,Cricket,38,100.0
2026-04-28,18,1,0,4,Football,58,100.0
2026-08-08,17,5,1,8,Football,66,100.0
2026-06-16,19,1,0,6,Tennis,51,100.0
2026-06-24,20,2,0,6,Tennis,47,100.0
2026-06-02,16,1,0,6,Basketball,27,100.0
2026-06-11,10,3,0,6,Cricket,15,75.0
2026-04-22,13,2,0,4,Football,39,78.0
2026-04-18,12,5,1,4,Gym,59,100.0
2026-08-16,17,6,1,8,Tennis,63,100.0
2026-06-13,17,5,1,6,Cricket,49,100.0
2026-04-24,18,4,0,4,Football,52,100.0
2026-03-28,20,5,1,3,Basketball,53,100.0
2026-08-07,19,4,0,8,Badminton,48,100.0
2026-04-25,16,5,1,4,Volleyball,24,100.0
2026-08-16,18,6,1,8,Volleyball,51,100.0
2026-04-16,20,3,0,4,Badminton,56,100.0
2026-04-22,18,2,0,4,Volleyball,40,100.0
2026-04-14,14,1,0,4,Cricket,23,100.0
2026-07-23,10,3,0,7,Cricket,13,65.0
2026-07-26,12,6,1,7,Football,49,98.0
2026-05-21,20,3,0,5,Football,58,100.0
2026-04-03,21,4,0,4,Basketball,26,100.0
2026-08-04,22,1,0,8,Cricket,17,85.0
2026-03-10,9,1,0,3,Gym,38,100.0
2026-03-22,6,6,1,3,Badminton,35,100.0
2026-03-14,16,5,1,3,Gym,43,100.0
2026-05-20,17,2,0,5,Football,56,100.0
2026-04-08,12,2,0,4,Basketball,36,100.0
2026-03-17,17,1,0,3,Volleyball,35,100.0
2026-07-28,20,1,0,7,Tennis,45,100.0
2026-08-28,11,4,0,8,Basketball,21,100.0
2026-03-26,11,3,0,3,Football,24,48.0
2026-06-15,9,0,0,6,Volleyball,26,100.0
2026-06-13,11,5,1,6,Volleyball,30,100.0
2026-08-08,21,5,1,8,Cricket,11,55.0
2026-08-24,13,0,0,8,Badminton,38,100.0
2026-04-07,20,1,0,4,Badminton,57,100.0
2026-03-11,10,2,0,3,Tennis,24,100.0
2026-06-06,21,5,1,6,Football,34,68.0
2026-03-06,17,4,0,3,Tennis,49,100.0
2026-07-25,11,5,1,7,Tennis,32,100.0
2026-07-04,17,5,1,7,Basketball,56,100.0
2026-06-03,8,2,0,6,Football,34,68.0
2026-08-07,15,4,0,8,Cricket,13,65.0
2026-04-08,9,2,0,4,Gym,47,100.0
2026-04-20,16,0,0,4,Basketball,28,100.0
2026-03-22,17,6,1,3,Volleyball,57,100.0
2026-07-05,6,6,1,7,Volleyball,16,80.0
2026-06-15,11,0,0,6,Basketball,30,100.0
2026-05-04,12,0,0,5,Volleyball,17,85.0
2026-07-12,6,6,1,7,Tennis,22,100.0
2026-04-12,7,6,1,4,Cricket,20,100.0
2026-08-27,15,3,0,8,Basketball,24,100.0
2026-06-19,16,4,0,6,Badminton,26,86.7
2026-08-16,20,6,1,8,Cricket,31,100.0
2026-05-25,7,0,0,5,Football,45,90.0
2026-08-07,6,4,0,8,Cricket,16,80.0
2026-03-05,15,3,0,3,Tennis,20,100.0
2026-06-29,18,0,0,6,Tennis,40,100.0
2026-08-25,14,1,0,8,Cricket,19,95.0
2026-05-25,17,0,0,5,Gym,58,100.0
2026-06-17,19,2,0,6,Cricket,35,100.0
2026-04-03,17,4,0,4,Cricket,34,100.0
2026-07-20,12,0,0,7,Tennis,27,100.0
2026-05-08,8,4,0,5,Tennis,37,100.0
2026-03-22,16,6,1,3,Gym,50,100.0
2026-03-30,6,0,0,3,Gym,29,96.7
2026-03-28,13,5,1,3,Badminton,45,100.0
2026-06-04,8,3,0,6,Football,41,82.0
2026-04-30,8,3,0,4,Gym,38,100.0
2026-03-03,6,1,0,3,Cricket,19,95.0
2026-05-27,8,2,0,5,Football,41,82.0
2026-08-08,20,5,1,8,Cricket,43,100.0
2026-05-24,9,6,1,5,Volleyball,18,90.0
2026-03-15,10,6,1,3,Football,48,96.0
2026-03-21,11,5,1,3,Badminton,48,100.0
2026-03-24,6,1,0,3,Tennis,29,100.0
2026-08-23,13,6,1,8,Football,43,86.0
2026-03-21,18,5,1,3,Basketball,65,100.0
2026-07-14,12,1,0,7,Tennis,36,100.0
2026-04-20,21,0,0,4,Volleyball,18,90.0
2026-04-17,21,4,0,4,Basketball,28,100.0
2026-08-21,7,4,0,8,Tennis,29,100.0
2026-07-08,6,2,0,7,Badminton,24,80.0
2026-04-20,14,0,0,4,Football,36,72.0
2026-07-26,12,6,1,7,Cricket,29,100.0
2026-08-27,8,3,0,8,Football,34,68.0
2026-05-22,13,4,0,5,Football,34,68.0
2026-08-10,15,0,0,8,Volleyball,13,65.0
2026-07-08,15,2,0,7,Football,28,56.0
2026-05-04,17,0,0,5,Cricket,33,100.0
2026-07-14,6,1,0,7,Cricket,17,85.0
2026-05-04,15,0,0,5,Gym,29,96.7
2026-03-17,7,1,0,3,Badminton,39,100.0
2026-05-28,7,3,0,5,Volleyball,29,100.0
2026-06-19,8,4,0,6,Cricket,29,100.0
2026-06-23,6,1,0,6,Cricket,17,85.0
2026-03-23,16,0,0,3,Volleyball,19,95.0
2026-06-01,8,0,0,6,Volleyball,21,100.0
2026-05-21,20,3,0,5,Basketball,51,100.0
2026-07-01,17,2,0,7,Tennis,44,100.0
2026-07-04,16,5,1,7,Volleyball,33,100.0
2026-04-18,13,5,1,4,Volleyball,30,100.0
2026-03-11,17,2,0,3,Tennis,47,100.0
2026-06-27,16,5,1,6,Gym,55,100.0
2026-06-12,20,4,0,6,Gym,57,100.0
2026-06-24,10,2,0,6,Football,33,66.0
2026-06-07,19,6,1,6,Badminton,58,100.0
2026-04-05,16,6,1,4,Tennis,45,100.0
2026-08-09,10,6,1,8,Tennis,37,100.0
2026-03-04,19,2,0,3,Gym,63,100.0
2026-08-17,11,0,0,8,Football,31,62.0
2026-04-17,12,4,0,4,Badminton,28,93.3
2026-06-09,21,1,0,6,Football,26,52.0
2026-05-26,12,1,0,5,Badminton,35,100.0
2026-06-09,11,1,0,6,Basketball,30,100.0
2026-07-19,14,6,1,7,Football,46,92.0
2026-07-03,21,4,0,7,Tennis,23,100.0
2026-04-10,21,4,0,4,Cricket,7,35.0
2026-05-30,9,5,1,5,Badminton,37,100.0
2026-08-28,21,4,0,8,Volleyball,11,55.0
2026-04-06,13,0,0,4,Volleyball,20,100.0
2026-04-25,19,5,1,4,Tennis,40,100.0
2026-05-18,11,0,0,5,Basketball,27,100.0
2026-05-19,19,1,0,5,Volleyball,31,100.0
2026-08-01,10,5,1,8,Volleyball,26,100.0
2026-05-27,17,2,0,5,Gym,61,100.0
2026-04-02,17,3,0,4,Volleyball,37,100.0
2026-03-17,6,1,0,3,Tennis,22,100.0
2026-06-15,13,0,0,6,Football,33,66.0
2026-08-24,13,0,0,8,Gym,38,100.0
2026-08-10,21,0,0,8,Gym,31,100.0
2026-07-21,16,1,0,7,Volleyball,19,95.0
2026-05-24,12,6,1,5,Football,48,96.0
2026-08-09,13,6,1,8,Cricket,37,100.0
2026-08-04,13,1,0,8,Gym,46,100.0
2026-05-03,21,6,1,5,Volleyball,14,70.0
2026-03-05,16,3,0,3,Volleyball,8,40.0
2026-06-07,10,6,1,6,Volleyball,27,100.0
2026-03-21,22,5,1,3,Tennis,24,100.0
2026-08-02,14,6,1,8,Badminton,50,100.0
2026-06-08,12,0,0,6,Gym,45,100.0
2026-05-10,10,6,1,5,Basketball,45,100.0
2026-03-16,21,0,0,3,Football,25,50.0
2026-08-10,6,0,0,8,Basketball,22,100.0
2026-08-06,21,3,0,8,Volleyball,9,45.0
2026-05-09,16,5,1,5,Tennis,37,100.0
2026-08-02,12,6,1,8,Gym,60,100.0
2026-08-13,12,3,0,8,Volleyball,22,100.0
2026-03-31,15,1,0,3,Cricket,7,35.0
2026-04-19,22,6,1,4,Gym,35,100.0
2026-05-12,13,1,0,5,Gym,39,100.0
2026-06-17,6,2,0,6,Basketball,21,100.0
2026-04-22,10,2,0,4,Basketball,17,85.0
2026-03-08,19,6,1,3,Badminton,50,100.0
2026-06-28,10,6,1,6,Tennis,42,100.0
2026-06-06,11,5,1,6,Volleyball,29,100.0
2026-05-20,9,2,0,5,Basketball,34,100.0
2026-05-10,12,6,1,5,Cricket,37,100.0
2026-06-25,15,3,0,6,Football,31,62.0
2026-04-02,16,3,0,4,Badminton,23,76.7
2026-03-14,16,5,1,3,Volleyball,29,100.0
2026-06-03,10,2,0,6,Basketball,30,100.0
2026-06-05,6,4,0,6,Cricket,13,65.0
2026-08-13,16,3,0,8,Tennis,19,95.0
2026-05-23,7,5,1,5,Cricket,21,100.0
2026-05-22,7,4,0,5,Volleyball,17,85.0
2026-04-03,21,4,0,4,Badminton,23,76.7
2026-04-05,10,6,1,4,Badminton,45,100.0
2026-04-11,13,5,1,4,Badminton,55,100.0
2026-06-01,17,0,0,6,Basketball,41,100.0
2026-06-14,16,6,1,6,Gym,43,100.0
2026-07-05,18,6,1,7,Volleyball,45,100.0
2026-07-13,19,0,0,7,Cricket,42,100.0
2026-06-10,10,2,0,6,Volleyball,20,100.0
2026-03-23,12,0,0,3,Tennis,25,100.0
2026-03-30,14,0,0,3,Football,31,62.0
2026-03-15,6,6,1,3,Badminton,32,100.0
2026-08-26,13,2,0,8,Tennis,23,100.0
2026-03-11,13,2,0,3,Gym,36,100.0
2026-04-09,10,3,0,4,Volleyball,12,60.0
2026-05-22,18,4,0,5,Gym,60,100.0
2026-08-19,18,2,0,8,Badminton,53,100.0
2026-05-14,21,3,0,5,Badminton,32,100.0
2026-08-26,19,2,0,8,Volleyball,31,100.0
2026-03-11,12,2,0,3,Volleyball,13,65.0
2026-04-23,13,3,0,4,Volleyball,20,100.0
2026-03-02,17,0,0,3,Cricket,31,100.0
2026-07-27,17,0,0,7,Volleyball,43,100.0
2026-04-12,18,6,1,4,Football,62,100.0
2026-07-16,6,3,0,7,Cricket,18,90.0
2026-08-07,15,4,0,8,Basketball,25,100.0
2026-06-04,22,3,0,6,Tennis,19,95.0
2026-04-21,14,1,0,4,Basketball,26,100.0
2026-05-23,14,5,1,5,Tennis,39,100.0
2026-08-14,15,4,0,8,Tennis,17,85.0
2026-06-23,22,1,0,6,Gym,33,100.0
2026-04-22,11,2,0,4,Badminton,22,73.3
2026-06-08,9,0,0,6,Cricket,30,100.0
2026-04-22,12,2,0,4,Gym,42,100.0
2026-05-16,12,5,1,5,Volleyball,41,100.0
2026-05-17,17,6,1,5,Tennis,55,100.0
2026-08-13,13,3,0,8,Volleyball,26,100.0
2026-05-04,12,0,0,5,Volleyball,13,65.0
2026-05-19,6,1,0,5,Football,35,70.0
2026-04-16,16,3,0,4,Football,29,58.0
2026-06-08,16,0,0,6,Tennis,23,100.0
2026-08-02,11,6,1,8,Tennis,39,100.0
2026-07-22,15,2,0,7,Gym,37,100.0
2026-05-03,8,6,1,5,Volleyball,18,90.0
2026-03-01,6,6,1,3,Volleyball,7,35.0
2026-03-03,14,1,0,3,Badminton,32,100.0
2026-06-22,18,0,0,6,Cricket,39,100.0
2026-04-10,9,4,0,4,Badminton,37,100.0
2026-04-25,12,5,1,4,Tennis,49,100.0
2026-06-04,8,3,0,6,Basketball,33,100.0
2026-08-15,6,5,1,8,Basketball,29,100.0
2026-03-09,9,0,0,3,Basketball,29,100.0
2026-05-07,20,3,0,5,Gym,53,100.0
2026-03-31,6,1,0,3,Tennis,19,95.0
2026-03-04,9,2,0,3,Badminton,43,100.0
2026-04-30,20,3,0,4,Gym,59,100.0
2026-08-25,14,1,0,8,Basketball,23,100.0
2026-08-27,21,3,0,8,Badminton,33,100.0
2026-08-25,10,1,0,8,Football,23,46.0
2026-06-10,18,2,0,6,Badminton,45,100.0
2026-07-06,19,0,0,7,Gym,57,100.0
2026-06-14,11,6,1,6,Badminton,46,100.0
2026-03-12,8,3,0,3,Gym,41,100.0
2026-05-12,21,1,0,5,Football,34,68.0
2026-05-08,6,4,0,5,Cricket,11,55.0
2026-04-18,13,5,1,4,Cricket,35,100.0
2026-03-01,7,6,1,3,Gym,46,100.0
2026-06-20,21,5,1,6,Gym,30,100.0
2026-03-13,15,4,0,3,Basketball,18,90.0
2026-08-01,17,5,1,8,Tennis,68,100.0
2026-06-29,11,0,0,6,Basketball,27,100.0
2026-06-04,10,3,0,6,Basketball,28,100.0
2026-08-11,17,1,0,8,Tennis,42,100.0
2026-07-27,18,0,0,7,Basketball,47,100.0
2026-05-28,15,3,0,5,Football,35,70.0
2026-08-20,21,3,0,8,Cricket,15,75.0
2026-06-13,17,5,1,6,Tennis,56,100.0
2026-08-02,14,6,1,8,Football,48,96.0
2026-05-31,20,6,1,5,Tennis,52,100.0
2026-07-17,11,4,0,7,Badminton,27,90.0
2026-07-08,10,2,0,7,Volleyball,12,60.0
2026-07-17,11,4,0,7,Gym,39,100.0
2026-07-25,10,5,1,7,Gym,54,100.0
2026-04-22,18,2,0,4,Badminton,58,100.0
2026-06-16,9,1,0,6,Volleyball,25,100.0
2026-03-11,22,2,0,3,Badminton,31,100.0
2026-03-02,14,0,0,3,Volleyball,23,100.0
2026-04-12,13,6,1,4,Cricket,39,100.0
2026-05-25,21,0,0,5,Badminton,27,90.0
2026-06-04,18,3,0,6,Volleyball,40,100.0
2026-06-09,13,1,0,6,Volleyball,18,90.0
2026-06-13,9,5,1,6,Football,42,84.0
2026-08-12,20,2,0,8,Football,58,100.0
2026-08-25,12,1,0,8,Cricket,13,65.0
2026-07-08,9,2,0,7,Tennis,29,100.0
2026-03-19,15,3,0,3,Football,34,68.0
2026-06-12,15,4,0,6,Gym,30,100.0
2026-07-17,9,4,0,7,Gym,40,100.0
2026-03-07,6,5,1,3,Badminton,26,86.7
2026-03-31,12,1,0,3,Football,41,82.0
2026-08-22,8,5,1,8,Badminton,36,100.0
2026-06-24,9,2,0,6,Tennis,32,100.0
2026-08-17,18,0,0,8,Badminton,56,100.0
2026-07-31,15,4,0,7,Basketball,23,100.0
2026-06-04,12,3,0,6,Basketball,29,100.0
2026-08-06,21,3,0,8,Cricket,16,80.0
2026-07-30,7,3,0,7,Cricket,24,100.0
2026-03-09,21,0,0,3,Basketball,22,100.0
2026-03-08,14,6,1,3,Cricket,35,100.0
2026-06-07,9,6,1,6,Tennis,38,100.0
2026-07-29,17,2,0,7,Cricket,37,100.0
2026-03-07,18,5,1,3,Badminton,67,100.0
2026-03-23,21,0,0,3,Basketball,25,100.0
2026-03-24,8,1,0,3,Football,43,86.0
2026-08-09,9,6,1,8,Tennis,33,100.0
2026-05-26,13,1,0,5,Volleyball,20,100.0
2026-03-09,16,0,0,3,Basketball,25,100.0
2026-08-28,20,4,0,8,Football,54,100.0
2026-06-14,9,6,1,6,Badminton,42,100.0
2026-04-02,6,3,0,4,Volleyball,14,70.0
2026-03-18,22,2,0,3,Football,29,58.0
2026-05-10,18,6,1,5,Gym,73,100.0
2026-08-15,7,5,1,8,Basketball,36,100.0
2026-03-31,22,1,0,3,Tennis,19,95.0
2026-06-24,15,2,0,6,Gym,29,96.7
2026-03-11,15,2,0,3,Volleyball,12,60.0
2026-06-18,9,3,0,6,Cricket,19,95.0
2026-03-20,12,4,0,3,Tennis,30,100.0
2026-05-03,6,6,1,5,Tennis,29,100.0
2026-08-15,11,5,1,8,Gym,48,100.0
2026-03-12,15,3,0,3,Football,25,50.0
2026-05-27,21,2,0,5,Football,33,66.0
2026-06-22,9,0,0,6,Badminton,34,100.0
2026-04-05,10,6,1,4,Cricket,31,100.0
2026-07-23,6,3,0,7,Tennis,24,100.0
2026-06-02,19,1,0,6,Badminton,56,100.0
2026-07-13,17,0,0,7,Cricket,38,100.0
2026-03-28,19,5,1,3,Tennis,40,100.0
2026-05-11,19,0,0,5,Volleyball,41,100.0
2026-06-17,8,2,0,6,Badminton,33,100.0
2026-05-07,17,3,0,5,Tennis,46,100.0
2026-07-08,13,2,0,7,Football,29,58.0
2026-03-07,11,5,1,3,Badminton,46,100.0
2026-04-17,12,4,0,4,Tennis,33,100.0
2026-07-18,17,5,1,7,Volleyball,49,100.0
2026-07-01,8,2,0,7,Gym,47,100.0
2026-04-17,19,4,0,4,Badminton,53,100.0
2026-03-11,13,2,0,3,Football,30,60.0
2026-05-16,10,5,1,5,Cricket,33,100.0
2026-06-09,6,1,0,6,Basketball,17,85.0
2026-07-09,6,3,0,7,Badminton,30,100.0
2026-08-18,14,1,0,8,Volleyball,21,100.0
2026-03-03,15,1,0,3,Gym,29,96.7
2026-05-21,13,3,0,5,Gym,40,100.0
2026-04-24,12,4,0,4,Cricket,20,100.0
2026-07-01,21,2,0,7,Football,23,46.0
2026-04-14,18,1,0,4,Volleyball,40,100.0
2026-08-08,8,5,1,8,Football,42,84.0
2026-04-02,22,3,0,4,Football,35,70.0
2026-03-18,21,2,0,3,Volleyball,8,40.0
2026-07-23,11,3,0,7,Football,32,64.0
2026-06-14,17,6,1,6,Football,73,100.0
2026-05-07,19,3,0,5,Badminton,57,100.0
2026-06-19,7,4,0,6,Gym,42,100.0
2026-06-10,6,2,0,6,Football,32,64.0
2026-06-04,18,3,0,6,Tennis,49,100.0
2026-04-27,10,0,0,4,Tennis,26,100.0
2026-07-09,19,3,0,7,Cricket,43,100.0
2026-08-10,11,0,0,8,Football,31,62.0
2026-07-12,15,6,1,7,Tennis,44,100.0
2026-03-20,19,4,0,3,Volleyball,30,100.0
2026-06-15,8,0,0,6,Volleyball,18,90.0
2026-08-28,10,4,0,8,Gym,37,100.0
2026-03-11,17,2,0,3,Basketball,46,100.0
2026-05-11,20,0,0,5,Cricket,42,100.0
2026-05-27,15,2,0,5,Gym,35,100.0
2026-08-02,16,6,1,8,Basketball,45,100.0
2026-06-29,22,0,0,6,Tennis,23,100.0
2026-08-24,10,0,0,8,Tennis,22,100.0
2026-03-24,21,1,0,3,Basketball,25,100.0
2026-07-11,8,5,1,7,Basketball,37,100.0
2026-05-08,14,4,0,5,Gym,37,100.0
2026-07-31,22,4,0,7,Football,27,54.0
2026-05-22,13,4,0,5,Volleyball,16,80.0
2026-05-29,15,4,0,5,Football,35,70.0
2026-05-25,22,0,0,5,Cricket,13,65.0
2026-05-11,14,0,0,5,Volleyball,19,95.0
2026-08-19,12,2,0,8,Gym,42,100.0
2026-04-05,15,6,1,4,Football,47,94.0
2026-08-23,17,6,1,8,Cricket,53,100.0
2026-07-20,16,0,0,7,Football,34,68.0
2026-06-27,22,5,1,6,Football,23,46.0
2026-05-14,13,3,0,5,Football,37,74.0
2026-08-10,16,0,0,8,Football,32,64.0
2026-07-06,17,0,0,7,Football,51,100.0
2026-07-02,14,3,0,7,Volleyball,20,100.0
2026-07-16,16,3,0,7,Football,26,52.0
2026-08-03,8,0,0,8,Basketball,28,100.0
2026-06-05,18,4,0,6,Badminton,46,100.0
2026-04-18,14,5,1,4,Tennis,45,100.0
2026-07-19,14,6,1,7,Volleyball,37,100.0
2026-06-16,12,1,0,6,Basketball,23,100.0
2026-06-18,21,3,0,6,Volleyball,8,40.0
2026-06-30,19,1,0,6,Tennis,45,100.0
2026-03-31,10,1,0,3,Football,23,46.0
2026-06-01,7,0,0,6,Badminton,45,100.0
2026-03-18,14,2,0,3,Badminton,36,100.0
2026-07-16,14,3,0,7,Football,40,80.0
2026-03-25,19,2,0,3,Football,45,90.0
2026-08-17,7,0,0,8,Badminton,33,100.0
2026-05-26,14,1,0,5,Basketball,29,100.0
2026-05-01,13,4,0,5,Football,37,74.0
2026-08-02,14,6,1,8,Volleyball,33,100.0
2026-04-30,10,3,0,4,Badminton,30,100.0
2026-07-28,16,1,0,7,Gym,30,100.0
2026-04-13,18,0,0,4,Football,53,100.0
2026-08-05,6,2,0,8,Football,23,46.0
2026-07-25,14,5,1,7,Gym,55,100.0
2026-04-01,9,2,0,4,Football,45,90.0
2026-06-13,13,5,1,6,Football,50,100.0
2026-08-04,11,1,0,8,Football,25,50.0
2026-05-11,9,0,0,5,Badminton,35,100.0
2026-08-19,15,2,0,8,Tennis,26,100.0
2026-08-01,18,5,1,8,Tennis,58,100.0
2026-04-29,9,2,0,4,Gym,38,100.0
2026-06-13,20,5,1,6,Tennis,42,100.0
2026-06-07,18,6,1,6,Badminton,68,100.0
2026-05-09,12,5,1,5,Cricket,35,100.0
2026-06-20,22,5,1,6,Basketball,22,100.0
2026-03-06,21,4,0,3,Volleyball,16,80.0
2026-06-08,20,0,0,6,Volleyball,33,100.0
2026-06-04,10,3,0,6,Cricket,8,40.0
2026-08-01,18,5,1,8,Football,72,100.0
2026-06-12,12,4,0,6,Football,33,66.0
2026-05-30,18,5,1,5,Basketball,58,100.0
2026-05-14,13,3,0,5,Tennis,32,100.0
2026-06-29,6,0,0,6,Cricket,16,80.0
2026-05-02,8,5,1,5,Tennis,38,100.0
2026-03-06,18,4,0,3,Volleyball,35,100.0
2026-06-01,18,0,0,6,Badminton,52,100.0
2026-06-20,20,5,1,6,Tennis,41,100.0
2026-06-20,14,5,1,6,Basketball,41,100.0
2026-05-08,17,4,0,5,Basketball,47,100.0
2026-04-10,11,4,0,4,Football,35,70.0
2026-07-28,22,1,0,7,Volleyball,15,75.0
2026-04-20,7,0,0,4,Tennis,32,100.0
2026-03-13,13,4,0,3,Badminton,39,100.0
2026-04-10,8,4,0,4,Volleyball,28,100.0
2026-07-20,7,0,0,7,Basketball,28,100.0
2026-07-13,14,0,0,7,Tennis,25,100.0
2026-05-15,10,4,0,5,Gym,33,100.0
2026-05-11,11,0,0,5,Football,28,56.0
2026-05-19,11,1,0,5,Volleyball,8,40.0
2026-04-29,8,2,0,4,Volleyball,17,85.0
2026-07-25,11,5,1,7,Basketball,40,100.0
2026-06-29,19,0,0,6,Football,48,96.0
2026-03-05,12,3,0,3,Volleyball,24,100.0
2026-03-20,8,4,0,3,Gym,38,100.0
2026-05-08,11,4,0,5,Volleyball,8,40.0
2026-06-27,17,5,1,6,Cricket,47,100.0
2026-04-09,11,3,0,4,Football,34,68.0
2026-03-03,16,1,0,3,Gym,29,96.7
2026-05-09,22,5,1,5,Gym,27,90.0
2026-07-07,22,1,0,7,Badminton,28,93.3
2026-04-04,11,5,1,4,Badminton,44,100.0
2026-04-09,10,3,0,4,Football,35,70.0
2026-08-03,17,0,0,8,Volleyball,42,100.0
2026-05-11,20,0,0,5,Football,52,100.0
2026-04-14,9,1,0,4,Cricket,20,100.0
2026-04-11,7,5,1,4,Badminton,38,100.0
2026-04-04,6,5,1,4,Basketball,24,100.0
2026-07-14,21,1,0,7,Cricket,19,95.0
2026-06-10,18,2,0,6,Volleyball,37,100.0
2026-08-13,22,3,0,8,Basketball,29,100.0
2026-08-03,18,0,0,8,Gym,54,100.0
2026-07-13,19,0,0,7,Football,53,100.0
2026-07-06,10,0,0,7,Gym,27,90.0
2026-04-22,8,2,0,4,Volleyball,22,100.0
2026-05-16,9,5,1,5,Volleyball,23,100.0
2026-06-06,18,5,1,6,Basketball,60,100.0
2026-03-07,16,5,1,3,Tennis,35,100.0
2026-03-05,12,3,0,3,Tennis,35,100.0
2026-08-11,10,1,0,8,Tennis,30,100.0
2026-07-30,10,3,0,7,Cricket,19,95.0
2026-05-17,18,6,1,5,Football,62,100.0
2026-03-05,13,3,0,3,Tennis,27,100.0
2026-07-03,18,4,0,7,Tennis,51,100.0
2026-06-28,17,6,1,6,Football,67,100.0
2026-04-03,19,4,0,4,Badminton,48,100.0
2026-04-07,9,1,0,4,Basketball,32,100.0
2026-03-14,17,5,1,3,Tennis,61,100.0
2026-08-15,19,5,1,8,Badminton,54,100.0
2026-05-15,17,4,0,5,Gym,58,100.0
2026-07-20,21,0,0,7,Badminton,35,100.0
2026-07-01,8,2,0,7,Basketball,32,100.0
2026-04-19,15,6,1,4,Volleyball,24,100.0
2026-03-03,9,1,0,3,Football,43,86.0
2026-07-22,14,2,0,7,Badminton,28,93.3
2026-07-09,12,3,0,7,Cricket,21,100.0
2026-06-04,6,3,0,6,Tennis,23,100.0
2026-05-25,20,0,0,5,Basketball,49,100.0
2026-05-23,15,5,1,5,Basketball,32,100.0
2026-07-11,9,5,1,7,Tennis,39,100.0
2026-07-03,19,4,0,7,Gym,58,100.0
2026-03-10,22,1,0,3,Badminton,24,80.0
2026-06-05,16,4,0,6,Cricket,18,90.0
2026-06-21,14,6,1,6,Football,45,90.0
2026-04-20,8,0,0,4,Volleyball,23,100.0
2026-05-10,18,6,1,5,Football,60,100.0
2026-03-12,15,3,0,3,Badminton,24,80.0
2026-04-19,19,6,1,4,Volleyball,33,100.0
2026-06-15,10,0,0,6,Tennis,25,100.0
2026-07-24,14,4,0,7,Football,28,56.0
2026-03-17,11,1,0,3,Gym,27,90.0
2026-05-07,21,3,0,5,Gym,28,93.3
2026-04-26,20,6,1,4,Football,55,100.0
2026-07-05,9,6,1,7,Badminton,42,100.0
2026-06-26,16,4,0,6,Volleyball,18,90.0
2026-06-04,21,3,0,6,Basketball,26,100.0
2026-07-21,16,1,0,7,Cricket,17,85.0
2026-05-23,22,5,1,5,Football,32,64.0
2026-08-22,22,5,1,8,Cricket,11,55.0
2026-07-31,13,4,0,7,Football,41,82.0
2026-03-06,19,4,0,3,Tennis,44,100.0
2026-05-24,22,6,1,5,Basketball,24,100.0
2026-06-12,7,4,0,6,Volleyball,21,100.0
2026-05-05,9,1,0,5,Gym,39,100.0
2026-07-21,13,1,0,7,Gym,45,100.0
2026-04-26,13,6,1,4,Tennis,40,100.0
2026-03-26,22,3,0,3,Basketball,23,100.0
2026-06-11,19,3,0,6,Volleyball,35,100.0
2026-05-16,8,5,1,5,Football,34,68.0
2026-08-07,21,4,0,8,Cricket,8,40.0
2026-05-20,7,2,0,5,Tennis,33,100.0
2026-06-19,10,4,0,6,Tennis,24,100.0
2026-03-08,16,6,1,3,Basketball,33,100.0
2026-05-18,13,0,0,5,Tennis,30,100.0
2026-06-10,12,2,0,6,Tennis,29,100.0
2026-04-30,15,3,0,4,Football,31,62.0
2026-04-12,16,6,1,4,Football,46,92.0
2026-05-23,18,5,1,5,Gym,66,100.0
2026-03-26,8,3,0,3,Badminton,44,100.0
2026-03-03,10,1,0,3,Volleyball,13,65.0
2026-07-05,8,6,1,7,Gym,49,100.0
2026-08-26,10,2,0,8,Badminton,22,73.3
2026-06-29,11,0,0,6,Badminton,24,80.0
2026-05-14,17,3,0,5,Cricket,40,100.0
2026-08-27,17,3,0,8,Cricket,39,100.0
2026-03-23,7,0,0,3,Football,36,72.0
2026-05-24,9,6,1,5,Badminton,41,100.0
2026-03-22,7,6,1,3,Volleyball,17,85.0
2026-04-19,11,6,1,4,Tennis,45,100.0
2026-07-04,9,5,1,7,Basketball,36,100.0
2026-05-14,22,3,0,5,Badminton,35,100.0
2026-08-04,15,1,0,8,Football,23,46.0
2026-06-27,14,5,1,6,Football,53,100.0
2026-08-27,22,3,0,8,Badminton,29,96.7
2026-08-03,13,0,0,8,Cricket,17,85.0
2026-03-09,18,0,0,3,Gym,55,100.0
2026-08-18,11,1,0,8,Cricket,14,70.0
2026-06-24,17,2,0,6,Volleyball,34,100.0
2026-05-15,18,4,0,5,Tennis,52,100.0
2026-04-30,15,3,0,4,Cricket,12,60.0
2026-04-23,13,3,0,4,Tennis,25,100.0
2026-08-28,10,4,0,8,Badminton,23,76.7
2026-03-16,9,0,0,3,Football,33,66.0
2026-06-23,10,1,0,6,Football,33,66.0
2026-03-19,15,3,0,3,Gym,32,100.0
2026-08-24,16,0,0,8,Volleyball,10,50.0
2026-07-02,19,3,0,7,Tennis,41,100.0
2026-08-12,15,2,0,8,Cricket,10,50.0
2026-06-30,7,1,0,6,Basketball,29,100.0
2026-06-09,12,1,0,6,Basketball,24,100.0
2026-03-13,7,4,0,3,Gym,50,100.0
2026-05-04,18,0,0,5,Football,58,100.0
2026-07-06,20,0,0,7,Cricket,36,100.0
2026-05-22,20,4,0,5,Football,58,100.0
2026-05-23,19,5,1,5,Cricket,35,100.0
2026-07-24,11,4,0,7,Badminton,35,100.0
2026-04-12,14,6,1,4,Tennis,39,100.0
2026-07-03,16,4,0,7,Football,22,44.0
2026-04-05,13,6,1,4,Volleyball,37,100.0
2026-07-05,14,6,1,7,Football,54,100.0
2026-04-16,19,3,0,4,Badminton,57,100.0
2026-03-03,17,1,0,3,Cricket,35,100.0
2026-08-05,17,2,0,8,Basketball,40,100.0
2026-03-27,21,4,0,3,Gym,40,100.0
2026-07-07,12,1,0,7,Football,30,60.0
2026-05-25,22,0,0,5,Basketball,25,100.0
2026-06-09,22,1,0,6,Volleyball,16,80.0
2026-08-04,12,1,0,8,Tennis,35,100.0
2026-03-11,20,2,0,3,Cricket,39,100.0
2026-07-19,15,6,1,7,Volleyball,34,100.0
2026-06-25,7,3,0,6,Basketball,32,100.0
2026-03-05,19,3,0,3,Volleyball,40,100.0
2026-03-17,21,1,0,3,Gym,33,100.0
2026-06-27,13,5,1,6,Basketball,51,100.0
2026-07-30,13,3,0,7,Tennis,27,100.0
2026-05-16,7,5,1,5,Gym,40,100.0
2026-08-19,14,2,0,8,Tennis,27,100.0
2026-03-02,22,0,0,3,Football,22,44.0
2026-04-26,20,6,1,4,Football,51,100.0
2026-03-01,19,6,1,3,Badminton,46,100.0
2026-05-10,19,6,1,5,Badminton,53,100.0
2026-08-11,15,1,0,8,Gym,36,100.0
2026-08-17,7,0,0,8,Tennis,36,100.0
2026-04-24,15,4,0,4,Gym,28,93.3
2026-04-30,18,3,0,4,Volleyball,41,100.0
2026-05-24,11,6,1,5,Volleyball,32,100.0
2026-04-21,6,1,0,4,Cricket,13,65.0
2026-03-21,16,5,1,3,Cricket,25,100.0
2026-07-01,6,2,0,7,Badminton,24,80.0
2026-05-06,11,2,0,5,Cricket,11,55.0
2026-08-19,14,2,0,8,Tennis,25,100.0
2026-06-18,12,3,0,6,Cricket,15,75.0
2026-06-01,9,0,0,6,Gym,41,100.0
2026-05-19,8,1,0,5,Badminton,34,100.0
2026-04-01,6,2,0,4,Football,23,46.0
2026-05-09,11,5,1,5,Badminton,49,100.0
2026-06-24,16,2,0,6,Badminton,30,100.0
2026-07-15,20,2,0,7,Volleyball,31,100.0
2026-07-02,14,3,0,7,Gym,34,100.0
2026-05-31,8,6,1,5,Basketball,29,100.0
2026-06-08,12,0,0,6,Volleyball,17,85.0
2026-03-05,8,3,0,3,Badminton,34,100.0
2026-04-07,16,1,0,4,Football,30,60.0
2026-08-24,12,0,0,8,Tennis,35,100.0
2026-08-09,17,6,1,8,Badminton,65,100.0
2026-06-08,19,0,0,6,Badminton,57,100.0
2026-07-10,18,4,0,7,Football,47,94.0
2026-04-18,21,5,1,4,Gym,36,100.0
2026-08-26,8,2,0,8,Cricket,20,100.0
2026-08-16,21,6,1,8,Volleyball,19,95.0
2026-06-26,18,4,0,6,Basketball,50,100.0
2026-06-03,12,2,0,6,Badminton,28,93.3
2026-06-24,12,2,0,6,Badminton,37,100.0
2026-05-30,6,5,1,5,Cricket,12,60.0
2026-08-14,16,4,0,8,Tennis,28,100.0
2026-03-02,16,0,0,3,Gym,34,100.0
2026-03-22,10,6,1,3,Gym,43,100.0
2026-07-31,22,4,0,7,Volleyball,19,95.0
2026-03-30,10,0,0,3,Tennis,24,100.0
2026-07-20,16,0,0,7,Badminton,31,100.0
2026-03-09,16,0,0,3,Football,26,52.0
2026-07-16,19,3,0,7,Basketball,40,100.0
2026-03-28,7,5,1,3,Basketball,37,100.0
2026-04-05,14,6,1,4,Gym,54,100.0
2026-04-09,14,3,0,4,Basketball,36,100.0
2026-06-14,8,6,1,6,Volleyball,22,100.0
2026-03-20,21,4,0,3,Basketball,28,100.0
2026-05-16,19,5,1,5,Badminton,45,100.0
2026-05-12,16,1,0,5,Football,33,66.0
2026-03-24,10,1,0,3,Volleyball,16,80.0
2026-08-01,9,5,1,8,Basketball,28,100.0
2026-03-25,14,2,0,3,Gym,38,100.0
2026-05-21,9,3,0,5,Football,41,82.0
2026-04-24,8,4,0,4,Football,32,64.0
2026-05-10,15,6,1,5,Gym,54,100.0
2026-07-19,8,6,1,7,Gym,48,100.0
2026-07-19,15,6,1,7,Volleyball,32,100.0
2026-05-16,9,5,1,5,Tennis,39,100.0
2026-03-11,15,2,0,3,Tennis,18,90.0
2026-08-16,16,6,1,8,Basketball,43,100.0
2026-03-14,10,5,1,3,Badminton,38,100.0
2026-07-29,6,2,0,7,Badminton,29,96.7
2026-03-11,21,2,0,3,Gym,32,100.0
2026-06-12,9,4,0,6,Basketball,29,100.0
2026-07-30,13,3,0,7,Badminton,33,100.0
2026-04-13,11,0,0,4,Cricket,16,80.0
2026-08-27,9,3,0,8,Cricket,29,100.0
2026-03-05,21,3,0,3,Football,33,66.0
2026-04-02,11,3,0,4,Cricket,20,100.0
2026-08-22,22,5,1,8,Football,28,56.0
2026-03-02,22,0,0,3,Basketball,26,100.0
2026-04-18,21,5,1,4,Volleyball,10,50.0
2026-03-16,19,0,0,3,Football,54,100.0
2026-08-18,18,1,0,8,Football,58,100.0
2026-07-14,15,1,0,7,Basketball,19,95.0
2026-06-12,19,4,0,6,Volleyball,34,100.0
2026-05-08,13,4,0,5,Volleyball,26,100.0
2026-04-01,19,2,0,4,Basketball,50,100.0
2026-08-02,21,6,1,8,Badminton,23,76.7
2026-06-12,12,4,0,6,Cricket,17,85.0
2026-08-24,10,0,0,8,Volleyball,9,45.0
2026-08-12,9,2,0,8,Cricket,20,100.0
2026-04-03,7,4,0,4,Football,35,70.0
2026-03-12,8,3,0,3,Cricket,23,100.0
2026-04-04,12,5,1,4,Basketball,39,100.0
2026-07-26,6,6,1,7,Cricket,10,50.0
2026-03-29,6,6,1,3,Tennis,18,90.0
2026-05-27,12,2,0,5,Tennis,25,100.0
2026-04-07,9,1,0,4,Gym,42,100.0
2026-05-23,19,5,1,5,Tennis,50,100.0
2026-07-11,14,5,1,7,Tennis,48,100.0
2026-04-21,10,1,0,4,Football,28,56.0
2026-05-30,12,5,1,5,Gym,58,100.0
2026-08-17,13,0,0,8,Tennis,30,100.0
2026-05-10,19,6,1,5,Badminton,49,100.0
2026-03-01,19,6,1,3,Tennis,42,100.0
2026-03-16,7,0,0,3,Cricket,24,100.0
2026-07-13,15,0,0,7,Football,28,56.0
2026-03-29,15,6,1,3,Football,41,82.0
2026-05-11,11,0,0,5,Tennis,29,100.0
2026-03-04,21,2,0,3,Gym,39,100.0
2026-07-14,8,1,0,7,Volleyball,24,100.0
2026-05-29,15,4,0,5,Cricket,10,50.0
2026-06-24,12,2,0,6,Cricket,26,100.0
2026-05-10,21,6,1,5,Tennis,21,100.0
2026-04-11,21,5,1,4,Football,29,58.0
2026-04-04,6,5,1,4,Gym,30,100.0
2026-08-13,21,3,0,8,Tennis,20,100.0
2026-07-20,22,0,0,7,Cricket,9,45.0
2026-03-29,14,6,1,3,Cricket,33,100.0
2026-07-12,14,6,1,7,Cricket,29,100.0
2026-05-09,22,5,1,5,Gym,31,100.0
2026-06-12,6,4,0,6,Badminton,31,100.0
2026-03-28,13,5,1,3,Basketball,42,100.0
2026-05-02,22,5,1,5,Football,32,64.0
2026-07-06,22,0,0,7,Badminton,24,80.0
2026-03-06,16,4,0,3,Gym,38,100.0
2026-07-20,19,0,0,7,Volleyball,35,100.0
2026-03-01,21,6,1,3,Football,24,48.0
2026-03-28,15,5,1,3,Cricket,34,100.0
2026-06-17,14,2,0,6,Cricket,25,100.0
2026-05-09,12,5,1,5,Cricket,34,100.0
2026-08-19,17,2,0,8,Badminton,51,100.0
2026-06-29,12,0,0,6,Football,33,66.0
2026-03-12,16,3,0,3,Basketball,24,100.0
2026-05-01,16,4,0,5,Tennis,20,100.0
2026-06-19,6,4,0,6,Cricket,8,40.0
2026-03-27,10,4,0,3,Football,28,56.0
2026-03-12,12,3,0,3,Tennis,29,100.0
2026-07-15,8,2,0,7,Badminton,42,100.0
2026-07-19,20,6,1,7,Cricket,32,100.0
2026-04-26,12,6,1,4,Football,48,96.0
2026-03-25,7,2,0,3,Basketball,27,100.0
2026-07-29,19,2,0,7,Badminton,49,100.0
2026-08-12,20,2,0,8,Football,46,92.0
2026-05-27,13,2,0,5,Volleyball,14,70.0
2026-03-24,14,1,0,3,Gym,42,100.0
2026-07-16,13,3,0,7,Badminton,35,100.0
2026-08-24,14,0,0,8,Volleyball,15,75.0
2026-08-16,6,6,1,8,Gym,34,100.0
2026-04-25,19,5,1,4,Basketball,41,100.0
2026-03-23,22,0,0,3,Volleyball,10,50.0
2026-07-26,14,6,1,7,Badminton,49,100.0
2026-08-26,17,2,0,8,Basketball,52,100.0
2026-06-24,11,2,0,6,Badminton,33,100.0
2026-03-25,6,2,0,3,Cricket,11,55.0
2026-04-19,11,6,1,4,Gym,44,100.0
2026-04-29,7,2,0,4,Cricket,19,95.0
2026-04-20,12,0,0,4,Football,30,60.0
2026-05-15,20,4,0,5,Badminton,55,100.0
2026-06-24,13,2,0,6,Volleyball,15,75.0
2026-03-09,9,0,0,3,Cricket,28,100.0
2026-04-22,17,2,0,4,Cricket,42,100.0
2026-05-16,19,5,1,5,Football,56,100.0
2026-03-17,11,1,0,3,Tennis,23,100.0
2026-03-02,11,0,0,3,Basketball,17,85.0
2026-07-15,11,2,0,7,Cricket,20,100.0
2026-06-16,9,1,0,6,Badminton,44,100.0
2026-04-10,12,4,0,4,Badminton,30,100.0
2026-06-15,9,0,0,6,Tennis,30,100.0
2026-08-27,11,3,0,8,Basketball,28,100.0
2026-07-12,22,6,1,7,Volleyball,16,80.0
2026-05-24,20,6,1,5,Football,58,100.0
2026-07-31,12,4,0,7,Tennis,29,100.0
2026-04-14,20,1,0,4,Basketball,45,100.0
2026-05-06,12,2,0,5,Cricket,25,100.0
2026-03-06,12,4,0,3,Tennis,27,100.0
2026-06-05,20,4,0,6,Badminton,58,100.0
2026-07-27,9,0,0,7,Gym,48,100.0
2026-04-02,7,3,0,4,Football,43,86.0
2026-08-27,9,3,0,8,Volleyball,24,100.0
2026-06-10,10,2,0,6,Badminton,30,100.0
2026-04-16,13,3,0,4,Gym,35,100.0
2026-05-01,7,4,0,5,Volleyball,30,100.0
2026-08-03,8,0,0,8,Football,40,80.0
2026-07-20,8,0,0,7,Basketball,35,100.0
2026-07-16,8,3,0,7,Basketball,31,100.0
2026-05-25,10,0,0,5,Gym,29,96.7
2026-03-12,19,3,0,3,Tennis,53,100.0
2026-04-22,10,2,0,4,Gym,39,100.0
2026-04-26,8,6,1,4,Volleyball,19,95.0
2026-08-07,20,4,0,8,Badminton,51,100.0
2026-08-10,8,0,0,8,Cricket,29,100.0
2026-05-22,20,4,0,5,Football,55,100.0
2026-05-10,16,6,1,5,Badminton,37,100.0
2026-03-03,6,1,0,3,Gym,37,100.0
2026-08-24,6,0,0,8,Gym,39,100.0
2026-03-08,8,6,1,3,Basketball,29,100.0
2026-08-11,8,1,0,8,Badminton,43,100.0
2026-04-18,21,5,1,4,Gym,28,93.3
2026-06-21,17,6,1,6,Badminton,72,100.0
2026-08-09,6,6,1,8,Cricket,9,45.0
2026-05-30,16,5,1,5,Tennis,42,100.0
2026-03-30,22,0,0,3,Cricket,11,55.0
2026-05-14,14,3,0,5,Football,29,58.0
2026-07-18,10,5,1,7,Volleyball,32,100.0
2026-07-26,21,6,1,7,Basketball,24,100.0
2026-07-12,8,6,1,7,Football,34,68.0
2026-05-13,22,2,0,5,Volleyball,19,95.0
2026-03-11,16,2,0,3,Tennis,24,100.0
2026-03-11,22,2,0,3,Tennis,24,100.0
2026-03-07,7,5,1,3,Volleyball,17,85.0
2026-03-01,14,6,1,3,Football,49,98.0
2026-05-28,16,3,0,5,Badminton,27,90.0
2026-07-11,14,5,1,7,Volleyball,30,100.0
2026-06-12,18,4,0,6,Volleyball,31,100.0
2026-04-30,19,3,0,4,Football,57,100.0
2026-05-08,22,4,0,5,Football,27,54.0
2026-06-03,7,2,0,6,Basketball,31,100.0
2026-04-13,18,0,0,4,Cricket,30,100.0
2026-07-20,7,0,0,7,Cricket,24,100.0
2026-03-14,19,5,1,3,Football,48,96.0
2026-06-14,20,6,1,6,Volleyball,35,100.0
2026-03-05,22,3,0,3,Football,24,48.0
2026-03-17,7,1,0,3,Basketball,39,100.0
2026-03-13,9,4,0,3,Gym,43,100.0
2026-05-04,22,0,0,5,Badminton,30,100.0
2026-07-14,6,1,0,7,Basketball,27,100.0
2026-05-06,11,2,0,5,Volleyball,14,70.0
2026-07-06,13,0,0,7,Volleyball,16,80.0
2026-06-05,12,4,0,6,Volleyball,23,100.0
2026-03-17,18,1,0,3,Basketball,43,100.0
2026-04-09,8,3,0,4,Football,43,86.0
2026-06-11,15,3,0,6,Cricket,9,45.0
2026-07-12,15,6,1,7,Tennis,36,100.0
2026-04-10,6,4,0,4,Football,28,56.0
2026-04-03,17,4,0,4,Cricket,41,100.0
2026-07-14,19,1,0,7,Football,46,92.0
2026-05-19,14,1,0,5,Badminton,35,100.0
2026-03-11,18,2,0,3,Basketball,50,100.0
2026-06-08,11,0,0,6,Basketball,29,100.0
2026-06-04,15,3,0,6,Gym,40,100.0
2026-03-11,11,2,0,3,Tennis,29,100.0
2026-04-28,17,1,0,4,Basketball,48,100.0
2026-08-22,11,5,1,8,Basketball,35,100.0
2026-03-06,8,4,0,3,Tennis,33,100.0
2026-05-18,19,0,0,5,Gym,54,100.0
2026-05-14,22,3,0,5,Volleyball,20,100.0
2026-07-14,22,1,0,7,Badminton,34,100.0
2026-04-27,9,0,0,4,Basketball,30,100.0
2026-07-21,22,1,0,7,Volleyball,9,45.0
2026-05-10,16,6,1,5,Cricket,24,100.0
2026-06-28,7,6,1,6,Cricket,28,100.0
2026-05-27,7,2,0,5,Basketball,37,100.0
2026-08-11,7,1,0,8,Gym,41,100.0
2026-05-01,12,4,0,5,Football,31,62.0
2026-05-30,12,5,1,5,Gym,56,100.0
2026-05-05,16,1,0,5,Cricket,8,40.0
2026-06-10,13,2,0,6,Gym,35,100.0
2026-03-27,8,4,0,3,Badminton,43,100.0
2026-08-01,20,5,1,8,Volleyball,37,100.0
2026-04-01,7,2,0,4,Volleyball,20,100.0
2026-05-01,8,4,0,5,Cricket,27,100.0
2026-04-20,21,0,0,4,Football,24,48.0
2026-06-12,16,4,0,6,Football,22,44.0
2026-06-13,7,5,1,6,Cricket,18,90.0
2026-03-22,22,6,1,3,Tennis,29,100.0
2026-05-23,18,5,1,5,Badminton,67,100.0
2026-07-07,19,1,0,7,Gym,58,100.0
2026-07-13,6,0,0,7,Badminton,24,80.0
2026-04-23,6,3,0,4,Gym,27,90.0
2026-07-29,9,2,0,7,Basketball,39,100.0
2026-06-15,9,0,0,6,Volleyball,19,95.0
2026-07-31,22,4,0,7,Badminton,25,83.3
2026-08-24,18,0,0,8,Basketball,47,100.0
2026-08-11,21,1,0,8,Basketball,28,100.0
2026-05-12,9,1,0,5,Cricket,23,100.0
2026-03-01,12,6,1,3,Tennis,43,100.0
2026-08-04,17,1,0,8,Football,45,90.0
2026-03-20,15,4,0,3,Volleyball,8,40.0
2026-04-01,22,2,0,4,Cricket,19,95.0
2026-07-26,15,6,1,7,Badminton,45,100.0
2026-05-14,13,3,0,5,Football,34,68.0
2026-07-14,21,1,0,7,Basketball,30,100.0
2026-03-07,10,5,1,3,Gym,48,100.0
2026-04-19,11,6,1,4,Gym,53,100.0
2026-04-10,12,4,0,4,Volleyball,22,100.0
2026-07-08,10,2,0,7,Badminton,25,83.3
2026-06-24,14,2,0,6,Basketball,28,100.0
2026-06-16,8,1,0,6,Badminton,36,100.0
2026-03-10,15,1,0,3,Football,30,60.0
2026-07-16,19,3,0,7,Cricket,30,100.0
2026-06-02,6,1,0,6,Gym,39,100.0
2026-05-26,13,1,0,5,Tennis,29,100.0
2026-06-18,19,3,0,6,Gym,61,100.0
2026-03-12,22,3,0,3,Cricket,8,40.0
2026-03-30,10,0,0,3,Tennis,29,100.0
2026-03-05,7,3,0,3,Football,45,90.0
2026-03-15,22,6,1,3,Football,27,54.0
2026-06-08,18,0,0,6,Volleyball,31,100.0
2026-03-07,18,5,1,3,Football,70,100.0
2026-06-25,8,3,0,6,Basketball,38,100.0
2026-04-24,9,4,0,4,Football,44,88.0
2026-04-25,14,5,1,4,Basketball,43,100.0
2026-03-14,19,5,1,3,Volleyball,38,100.0
2026-04-16,19,3,0,4,Volleyball,31,100.0
2026-07-03,21,4,0,7,Tennis,29,100.0
2026-07-22,10,2,0,7,Volleyball,10,50.0
2026-07-13,14,0,0,7,Basketball,34,100.0
2026-03-11,9,2,0,3,Football,36,72.0
2026-07-20,6,0,0,7,Gym,35,100.0
2026-06-23,12,1,0,6,Basketball,27,100.0
2026-04-30,21,3,0,4,Gym,37,100.0
2026-07-19,22,6,1,7,Football,28,56.0
2026-03-12,12,3,0,3,Football,38,76.0
2026-06-04,9,3,0,6,Badminton,33,100.0
2026-08-18,17,1,0,8,Tennis,51,100.0
2026-08-25,6,1,0,8,Volleyball,20,100.0
2026-03-13,22,4,0,3,Basketball,26,100.0
2026-07-27,8,0,0,7,Gym,41,100.0
2026-05-13,11,2,0,5,Badminton,33,100.0
2026-06-24,14,2,0,6,Volleyball,25,100.0
2026-04-12,18,6,1,4,Gym,74,100.0
2026-08-28,19,4,0,8,Gym,59,100.0
2026-07-25,18,5,1,7,Gym,77,100.0
2026-08-16,15,6,1,8,Gym,50,100.0
2026-08-12,20,2,0,8,Badminton,53,100.0
2026-05-15,10,4,0,5,Volleyball,19,95.0
2026-06-02,18,1,0,6,Cricket,39,100.0
2026-05-03,10,6,1,5,Basketball,41,100.0
2026-03-27,15,4,0,3,Badminton,34,100.0
2026-07-07,15,1,0,7,Volleyball,16,80.0
2026-04-19,11,6,1,4,Football,38,76.0
2026-04-17,13,4,0,4,Basketball,35,100.0
2026-04-06,19,0,0,4,Tennis,49,100.0
2026-07-22,7,2,0,7,Tennis,36,100.0
2026-08-27,6,3,0,8,Volleyball,14,70.0
2026-04-09,18,3,0,4,Cricket,31,100.0
2026-06-26,19,4,0,6,Badminton,55,100.0
2026-06-22,11,0,0,6,Cricket,10,50.0
2026-05-19,13,1,0,5,Volleyball,22,100.0
2026-04-26,16,6,1,4,Cricket,32,100.0
2026-08-02,17,6,1,8,Cricket,48,100.0
2026-07-12,10,6,1,7,Cricket,30,100.0
2026-03-05,15,3,0,3,Gym,27,90.0
2026-05-28,19,3,0,5,Cricket,31,100.0
2026-04-06,19,0,0,4,Basketball,40,100.0
2026-07-19,10,6,1,7,Tennis,41,100.0
2026-05-31,10,6,1,5,Tennis,42,100.0
2026-05-08,8,4,0,5,Gym,45,100.0
2026-06-06,18,5,1,6,Basketball,61,100.0
2026-08-09,8,6,1,8,Gym,40,100.0
2026-03-04,21,2,0,3,Gym,33,100.0
2026-03-26,10,3,0,3,Gym,30,100.0
2026-07-14,16,1,0,7,Volleyball,12,60.0
2026-03-31,14,1,0,3,Gym,36,100.0
2026-05-08,18,4,0,5,Volleyball,32,100.0
2026-05-01,15,4,0,5,Gym,35,100.0
2026-05-09,7,5,1,5,Gym,37,100.0
2026-04-12,21,6,1,4,Gym,30,100.0
2026-03-01,6,6,1,3,Cricket,20,100.0
2026-07-10,19,4,0,7,Volleyball,36,100.0
2026-06-08,8,0,0,6,Badminton,33,100.0
2026-06-08,22,0,0,6,Football,23,46.0
2026-03-21,12,5,1,3,Gym,57,100.0
2026-05-25,6,0,0,5,Badminton,23,76.7
2026-06-05,22,4,0,6,Badminton,31,100.0
2026-08-13,14,3,0,8,Badminton,32,100.0
2026-08-09,8,6,1,8,Gym,48,100.0
2026-05-22,7,4,0,5,Tennis,33,100.0
2026-04-15,22,2,0,4,Football,35,70.0
2026-07-28,20,1,0,7,Cricket,36,100.0
2026-08-08,10,5,1,8,Badminton,48,100.0
2026-06-03,13,2,0,6,Cricket,17,85.0
2026-05-09,6,5,1,5,Tennis,24,100.0
2026-06-22,15,0,0,6,Tennis,19,95.0
2026-03-15,20,6,1,3,Football,56,100.0
2026-06-12,19,4,0,6,Cricket,32,100.0
2026-07-31,10,4,0,7,Basketball,17,85.0
2026-07-21,8,1,0,7,Cricket,30,100.0
2026-07-04,21,5,1,7,Tennis,17,85.0
2026-04-11,8,5,1,4,Gym,49,100.0
2026-05-07,6,3,0,5,Tennis,25,100.0
2026-08-20,14,3,0,8,Badminton,31,100.0
2026-04-20,12,0,0,4,Tennis,26,100.0
2026-03-23,10,0,0,3,Basketball,22,100.0
2026-04-13,12,0,0,4,Basketball,29,100.0
2026-03-28,20,5,1,3,Volleyball,31,100.0
2026-06-27,6,5,1,6,Football,35,70.0
2026-04-12,9,6,1,4,Badminton,41,100.0
2026-04-11,6,5,1,4,Tennis,18,90.0
2026-04-26,19,6,1,4,Football,58,100.0
2026-07-10,16,4,0,7,Football,29,58.0
2026-07-05,17,6,1,7,Tennis,56,100.0
2026-04-18,12,5,1,4,Tennis,39,100.0
2026-08-18,15,1,0,8,Basketball,21,100.0
2026-07-30,7,3,0,7,Cricket,19,95.0
2026-07-27,16,0,0,7,Badminton,24,80.0
2026-06-10,15,2,0,6,Volleyball,7,35.0
2026-03-25,19,2,0,3,Basketball,44,100.0
2026-03-14,13,5,1,3,Tennis,41,100.0
2026-08-22,14,5,1,8,Gym,49,100.0
2026-06-10,21,2,0,6,Volleyball,8,40.0
2026-04-06,20,0,0,4,Cricket,42,100.0
2026-07-06,22,0,0,7,Football,24,48.0
2026-03-20,6,4,0,3,Gym,29,96.7
2026-08-11,8,1,0,8,Tennis,40,100.0
2026-07-29,11,2,0,7,Badminton,32,100.0
2026-04-19,14,6,1,4,Volleyball,34,100.0
2026-04-13,16,0,0,4,Cricket,20,100.0
2026-07-04,20,5,1,7,Football,57,100.0
2026-06-18,13,3,0,6,Gym,46,100.0
2026-07-17,13,4,0,7,Badminton,41,100.0
2026-07-10,11,4,0,7,Volleyball,17,85.0
2026-05-21,19,3,0,5,Badminton,50,100.0
2026-04-28,20,1,0,4,Cricket,30,100.0
2026-07-05,19,6,1,7,Tennis,50,100.0
2026-03-31,20,1,0,3,Tennis,51,100.0
2026-03-16,18,0,0,3,Gym,57,100.0
2026-04-30,18,3,0,4,Volleyball,42,100.0
2026-04-07,6,1,0,4,Basketball,29,100.0
2026-03-01,18,6,1,3,Volleyball,47,100.0
2026-03-22,11,6,1,3,Football,40,80.0
2026-08-09,17,6,1,8,Basketball,65,100.0
2026-04-10,8,4,0,4,Tennis,37,100.0
2026-08-16,17,6,1,8,Badminton,72,100.0
2026-05-25,20,0,0,5,Badminton,55,100.0
2026-05-07,18,3,0,5,Volleyball,32,100.0
2026-03-19,22,3,0,3,Cricket,19,95.0
2026-04-14,8,1,0,4,Volleyball,19,95.0
2026-05-23,18,5,1,5,Tennis,67,100.0
2026-07-31,7,4,0,7,Volleyball,26,100.0
2026-07-15,14,2,0,7,Football,34,68.0
2026-08-07,15,4,0,8,Gym,35,100.0
2026-03-05,11,3,0,3,Football,22,44.0
2026-05-24,7,6,1,5,Volleyball,28,100.0
2026-04-28,19,1,0,4,Cricket,39,100.0
2026-08-25,14,1,0,8,Volleyball,17,85.0
2026-08-13,10,3,0,8,Basketball,26,100.0
2026-05-26,22,1,0,5,Volleyball,17,85.0
2026-03-17,8,1,0,3,Basketball,32,100.0
2026-06-24,22,2,0,6,Tennis,29,100.0
2026-03-10,20,1,0,3,Badminton,50,100.0
2026-04-15,13,2,0,4,Volleyball,19,95.0
2026-06-23,18,1,0,6,Tennis,43,100.0
2026-07-17,11,4,0,7,Badminton,31,100.0
2026-06-24,14,2,0,6,Tennis,35,100.0
2026-03-20,8,4,0,3,Cricket,27,100.0
2026-08-17,20,0,0,8,Tennis,49,100.0
2026-07-15,21,2,0,7,Tennis,25,100.0
2026-04-08,19,2,0,4,Volleyball,37,100.0
2026-04-09,10,3,0,4,Basketball,25,100.0
2026-07-26,12,6,1,7,Tennis,49,100.0
2026-03-10,16,1,0,3,Cricket,15,75.0
2026-03-01,18,6,1,3,Cricket,47,100.0
2026-08-22,13,5,1,8,Basketball,38,100.0
2026-08-26,14,2,0,8,Badminton,38,100.0
2026-06-01,18,0,0,6,Tennis,51,100.0
2026-08-06,16,3,0,8,Cricket,14,70.0
2026-07-24,7,4,0,7,Badminton,42,100.0
2026-04-01,11,2,0,4,Basketball,25,100.0
2026-04-15,16,2,0,4,Gym,32,100.0
2026-05-08,14,4,0,5,Football,36,72.0
2026-06-09,20,1,0,6,Volleyball,36,100.0
2026-04-20,10,0,0,4,Basketball,30,100.0
2026-08-04,15,1,0,8,Football,32,64.0
2026-05-03,10,6,1,5,Cricket,30,100.0
2026-07-26,14,6,1,7,Gym,54,100.0
2026-04-26,12,6,1,4,Volleyball,37,100.0
2026-03-27,16,4,0,3,Tennis,19,95.0
2026-05-06,8,2,0,5,Cricket,27,100.0
2026-05-23,11,5,1,5,Volleyball,34,100.0
2026-05-26,21,1,0,5,Football,27,54.0
2026-06-08,11,0,0,6,Volleyball,9,45.0
2026-06-12,13,4,0,6,Gym,44,100.0
2026-04-26,16,6,1,4,Volleyball,31,100.0
2026-08-23,17,6,1,8,Badminton,63,100.0
2026-07-08,9,2,0,7,Volleyball,28,100.0
2026-06-09,17,1,0,6,Basketball,40,100.0
2026-08-13,21,3,0,8,Volleyball,11,55.0
2026-06-07,16,6,1,6,Badminton,46,100.0
2026-05-22,21,4,0,5,Gym,37,100.0
2026-05-13,14,2,0,5,Football,28,56.0
2026-04-19,15,6,1,4,Cricket,31,100.0
2026-03-31,22,1,0,3,Gym,36,100.0
2026-03-20,9,4,0,3,Tennis,36,100.0
2026-07-02,11,3,0,7,Badminton,25,83.3
2026-07-12,16,6,1,7,Volleyball,25,100.0
2026-05-08,7,4,0,5,Badminton,45,100.0
2026-06-02,12,1,0,6,Tennis,27,100.0
2026-03-23,16,0,0,3,Basketball,24,100.0
2026-03-28,16,5,1,3,Gym,47,100.0
2026-04-21,9,1,0,4,Football,43,86.0
2026-04-14,17,1,0,4,Volleyball,33,100.0
2026-06-16,21,1,0,6,Cricket,20,100.0
2026-07-13,9,0,0,7,Football,44,88.0
2026-06-18,20,3,0,6,Gym,55,100.0
2026-03-12,6,3,0,3,Volleyball,11,55.0
2026-04-08,9,2,0,4,Basketball,39,100.0
2026-03-23,7,0,0,3,Gym,42,100.0
2026-04-15,20,2,0,4,Tennis,49,100.0
2026-07-14,9,1,0,7,Cricket,26,100.0
2026-07-13,21,0,0,7,Volleyball,7,35.0
2026-08-02,10,6,1,8,Gym,49,100.0
2026-03-02,14,0,0,3,Basketball,25,100.0
2026-04-30,22,3,0,4,Volleyball,15,75.0
2026-05-29,18,4,0,5,Football,47,94.0
2026-05-24,19,6,1,5,Tennis,40,100.0
2026-05-23,22,5,1,5,Tennis,29,100.0
2026-06-24,20,2,0,6,Basketball,44,100.0
2026-04-12,10,6,1,4,Tennis,43,100.0
2026-05-26,22,1,0,5,Basketball,28,100.0
2026-08-19,14,2,0,8,Volleyball,23,100.0
2026-05-26,19,1,0,5,Basketball,52,100.0
2026-05-21,15,3,0,5,Football,30,60.0
2026-04-02,15,3,0,4,Volleyball,8,40.0
2026-03-22,19,6,1,3,Basketball,40,100.0
2026-04-04,6,5,1,4,Badminton,22,73.3
2026-04-09,15,3,0,4,Basketball,27,100.0
2026-04-28,13,1,0,4,Badminton,31,100.0
2026-04-03,9,4,0,4,Gym,42,100.0
2026-05-21,8,3,0,5,Football,32,64.0
2026-05-22,16,4,0,5,Tennis,17,85.0
2026-07-12,12,6,1,7,Cricket,38,100.0
2026-06-17,11,2,0,6,Cricket,8,40.0
2026-05-12,15,1,0,5,Basketball,30,100.0
2026-07-12,22,6,1,7,Volleyball,13,65.0
2026-06-07,21,6,1,6,Football,29,58.0
2026-08-24,13,0,0,8,Tennis,30,100.0
2026-08-11,20,1,0,8,Cricket,34,100.0
2026-08-12,19,2,0,8,Football,56,100.0
2026-03-02,10,0,0,3,Basketball,30,100.0
2026-07-10,11,4,0,7,Basketball,21,100.0
2026-04-23,8,3,0,4,Volleyball,20,100.0
2026-04-14,9,1,0,4,Cricket,19,95.0
2026-04-18,8,5,1,4,Football,35,70.0
2026-08-03,10,0,0,8,Gym,37,100.0
2026-03-02,15,0,0,3,Volleyball,8,40.0
2026-03-16,18,0,0,3,Cricket,30,100.0
2026-03-24,22,1,0,3,Football,28,56.0
2026-05-07,21,3,0,5,Football,25,50.0
2026-07-20,20,0,0,7,Basketball,40,100.0
2026-07-15,11,2,0,7,Gym,34,100.0
2026-06-12,22,4,0,6,Cricket,8,40.0
2026-08-18,20,1,0,8,Football,57,100.0
2026-04-16,17,3,0,4,Tennis,47,100.0
2026-05-22,14,4,0,5,Cricket,18,90.0
2026-07-22,14,2,0,7,Tennis,25,100.0
2026-06-06,10,5,1,6,Gym,51,100.0
2026-03-09,16,0,0,3,Football,31,62.0
2026-03-24,22,1,0,3,Gym,39,100.0
2026-08-19,20,2,0,8,Tennis,50,100.0
2026-07-20,13,0,0,7,Cricket,14,70.0
2026-06-09,7,1,0,6,Volleyball,30,100.0
2026-04-16,20,3,0,4,Badminton,55,100.0
2026-06-29,11,0,0,6,Badminton,29,96.7
2026-08-23,12,6,1,8,Football,50,100.0
2026-04-25,11,5,1,4,Gym,42,100.0
2026-05-23,11,5,1,5,Football,39,78.0
2026-07-26,12,6,1,7,Cricket,34,100.0
2026-04-13,9,0,0,4,Cricket,23,100.0
2026-05-23,8,5,1,5,Cricket,21,100.0
2026-04-30,10,3,0,4,Football,24,48.0
2026-05-23,17,5,1,5,Cricket,48,100.0
2026-07-26,12,6,1,7,Basketball,46,100.0
2026-05-18,14,0,0,5,Tennis,24,100.0
2026-07-04,20,5,1,7,Cricket,41,100.0
2026-07-05,13,6,1,7,Football,55,100.0
2026-06-09,15,1,0,6,Football,22,44.0
2026-07-25,16,5,1,7,Basketball,45,100.0
2026-05-04,21,0,0,5,Volleyball,18,90.0
2026-03-30,11,0,0,3,Tennis,26,100.0
2026-07-28,20,1,0,7,Badminton,47,100.0
2026-07-25,11,5,1,7,Tennis,33,100.0
2026-04-11,7,5,1,4,Basketball,30,100.0
2026-08-18,20,1,0,8,Gym,58,100.0
2026-07-06,9,0,0,7,Football,39,78.0
2026-05-23,10,5,1,5,Volleyball,30,100.0
2026-07-11,13,5,1,7,Football,45,90.0
2026-03-08,9,6,1,3,Football,44,88.0
2026-06-02,18,1,0,6,Cricket,42,100.0
2026-03-14,12,5,1,3,Football,43,86.0
2026-03-12,14,3,0,3,Gym,41,100.0
2026-07-04,20,5,1,7,Volleyball,38,100.0
2026-07-08,20,2,0,7,Basketball,50,100.0
2026-04-23,17,3,0,4,Cricket,38,100.0
2026-05-31,11,6,1,5,Football,47,94.0
2026-07-15,18,2,0,7,Badminton,57,100.0
2026-03-11,12,2,0,3,Badminton,32,100.0
2026-05-17,13,6,1,5,Tennis,48,100.0
2026-03-21,16,5,1,3,Badminton,44,100.0
2026-03-18,17,2,0,3,Gym,63,100.0
2026-04-11,12,5,1,4,Gym,59,100.0
2026-07-25,8,5,1,7,Badminton,44,100.0
2026-04-08,11,2,0,4,Gym,38,100.0
2026-07-29,17,2,0,7,Cricket,30,100.0
2026-03-24,15,1,0,3,Football,29,58.0
2026-05-10,22,6,1,5,Football,22,44.0
2026-08-04,12,1,0,8,Badminton,37,100.0
2026-06-15,21,0,0,6,Badminton,25,83.3
2026-08-23,21,6,1,8,Badminton,31,100.0
2026-03-30,10,0,0,3,Tennis,17,85.0
2026-08-10,10,0,0,8,Cricket,9,45.0
2026-03-30,12,0,0,3,Football,29,58.0
2026-08-23,20,6,1,8,Tennis,47,100.0
2026-08-17,10,0,0,8,Badminton,23,76.7
2026-08-03,8,0,0,8,Badminton,33,100.0
2026-06-06,18,5,1,6,Badminton,62,100.0
2026-04-16,7,3,0,4,Badminton,41,100.0
2026-03-09,20,0,0,3,Football,56,100.0
2026-05-27,22,2,0,5,Gym,34,100.0
2026-05-03,12,6,1,5,Volleyball,39,100.0
2026-04-24,7,4,0,4,Basketball,36,100.0
2026-04-19,19,6,1,4,Tennis,45,100.0
2026-04-23,6,3,0,4,Cricket,9,45.0
2026-06-25,15,3,0,6,Gym,35,100.0
2026-03-27,10,4,0,3,Gym,39,100.0
2026-05-12,11,1,0,5,Badminton,23,76.7
2026-05-12,6,1,0,5,Gym,35,100.0
2026-08-22,18,5,1,8,Cricket,53,100.0
2026-04-05,16,6,1,4,Gym,42,100.0
2026-07-26,16,6,1,7,Football,39,78.0
2026-07-31,15,4,0,7,Tennis,19,95.0
2026-03-05,12,3,0,3,Cricket,26,100.0
2026-06-02,17,1,0,6,Cricket,36,100.0
2026-03-17,6,1,0,3,Gym,30,100.0
2026-08-18,17,1,0,8,Football,57,100.0
2026-08-25,21,1,0,8,Gym,27,90.0
2026-03-25,13,2,0,3,Tennis,24,100.0
2026-04-06,14,0,0,4,Football,34,68.0
2026-05-31,16,6,1,5,Volleyball,27,100.0
2026-06-08,15,0,0,6,Gym,29,96.7
2026-04-24,6,4,0,4,Basketball,18,90.0
2026-04-09,6,3,0,4,Football,29,58.0
2026-03-14,19,5,1,3,Badminton,50,100.0
2026-08-05,11,2,0,8,Tennis,20,100.0
2026-07-21,21,1,0,7,Basketball,17,85.0
2026-04-12,7,6,1,4,Tennis,38,100.0
2026-03-22,19,6,1,3,Tennis,53,100.0
2026-07-30,6,3,0,7,Tennis,20,100.0
2026-04-03,10,4,0,4,Gym,31,100.0
2026-07-14,9,1,0,7,Basketball,32,100.0
2026-05-06,11,2,0,5,Gym,37,100.0
2026-08-09,6,6,1,8,Football,33,66.0
2026-05-13,7,2,0,5,Football,32,64.0
2026-04-01,6,2,0,4,Volleyball,12,60.0
2026-06-12,21,4,0,6,Volleyball,19,95.0
2026-08-11,20,1,0,8,Basketball,46,100.0
2026-05-18,8,0,0,5,Basketball,34,100.0
2026-07-30,17,3,0,7,Basketball,44,100.0
2026-06-17,11,2,0,6,Football,26,52.0
2026-07-01,9,2,0,7,Football,45,90.0
2026-05-04,20,0,0,5,Tennis,40,100.0
2026-03-29,7,6,1,3,Volleyball,17,85.0
2026-03-31,22,1,0,3,Badminton,22,73.3
2026-04-23,6,3,0,4,Gym,38,100.0
2026-06-14,13,6,1,6,Badminton,50,100.0
2026-06-11,14,3,0,6,Gym,34,100.0
2026-07-04,11,5,1,7,Tennis,40,100.0
2026-03-11,6,2,0,3,Volleyball,8,40.0
2026-08-19,17,2,0,8,Tennis,41,100.0
2026-04-07,6,1,0,4,Gym,38,100.0
2026-03-28,16,5,1,3,Cricket,22,100.0
2026-06-27,8,5,1,6,Football,40,80.0
2026-03-11,19,2,0,3,Tennis,41,100.0
2026-05-03,7,6,1,5,Tennis,38,100.0
2026-04-28,16,1,0,4,Badminton,22,73.3
2026-05-13,17,2,0,5,Volleyball,34,100.0
2026-07-04,15,5,1,7,Football,49,98.0
2026-06-11,11,3,0,6,Badminton,33,100.0
2026-04-20,6,0,0,4,Badminton,31,100.0
2026-06-20,11,5,1,6,Basketball,40,100.0
2026-07-14,17,1,0,7,Tennis,46,100.0
2026-08-28,19,4,0,8,Volleyball,34,100.0
2026-07-06,6,0,0,7,Football,23,46.0
2026-07-22,6,2,0,7,Basketball,20,100.0
2026-08-19,12,2,0,8,Volleyball,19,95.0
2026-04-10,20,4,0,4,Basketball,53,100.0
2026-06-20,18,5,1,6,Tennis,68,100.0
2026-04-08,8,2,0,4,Basketball,36,100.0
2026-03-17,22,1,0,3,Football,35,70.0
2026-04-05,21,6,1,4,Badminton,22,73.3
2026-03-15,14,6,1,3,Tennis,44,100.0
2026-06-17,9,2,0,6,Basketball,32,100.0
2026-08-08,6,5,1,8,Gym,28,93.3
2026-03-30,7,0,0,3,Tennis,36,100.0
2026-07-03,20,4,0,7,Badminton,49,100.0
2026-03-10,6,1,0,3,Cricket,17,85.0
2026-05-07,13,3,0,5,Volleyball,25,100.0
2026-07-20,8,0,0,7,Gym,48,100.0
2026-07-23,14,3,0,7,Volleyball,13,65.0
2026-05-20,13,2,0,5,Cricket,24,100.0
2026-03-17,16,1,0,3,Gym,29,96.7
2026-03-11,14,2,0,3,Volleyball,22,100.0
2026-07-07,7,1,0,7,Gym,46,100.0
2026-05-16,21,5,1,5,Tennis,29,100.0
2026-08-03,22,0,0,8,Tennis,27,100.0
2026-04-27,8,0,0,4,Football,39,78.0
2026-07-30,20,3,0,7,Cricket,31,100.0
2026-06-15,18,0,0,6,Volleyball,38,100.0
2026-05-14,9,3,0,5,Tennis,33,100.0
2026-03-26,10,3,0,3,Football,29,58.0
2026-05-13,7,2,0,5,Tennis,34,100.0
2026-07-25,14,5,1,7,Football,46,92.0
2026-04-14,16,1,0,4,Tennis,19,95.0
2026-04-23,22,3,0,4,Cricket,16,80.0
2026-07-31,15,4,0,7,Volleyball,16,80.0
2026-03-30,20,0,0,3,Gym,50,100.0
2026-03-18,14,2,0,3,Football,34,68.0
2026-08-17,10,0,0,8,Badminton,25,83.3
2026-06-28,7,6,1,6,Volleyball,24,100.0
2026-07-17,11,4,0,7,Badminton,23,76.7
2026-06-14,7,6,1,6,Gym,39,100.0
2026-08-17,6,0,0,8,Cricket,19,95.0
2026-08-17,14,0,0,8,Badminton,41,100.0
2026-07-18,8,5,1,7,Football,37,74.0
2026-08-23,22,6,1,8,Volleyball,15,75.0
2026-07-28,20,1,0,7,Football,46,92.0
2026-03-22,20,6,1,3,Badminton,56,100.0
2026-07-16,22,3,0,7,Cricket,16,80.0
2026-05-14,22,3,0,5,Badminton,35,100.0
2026-03-19,18,3,0,3,Basketball,44,100.0
2026-07-15,10,2,0,7,Football,34,68.0
2026-03-31,20,1,0,3,Basketball,48,100.0
2026-07-10,13,4,0,7,Volleyball,20,100.0
2026-07-08,17,2,0,7,Tennis,40,100.0
2026-07-17,11,4,0,7,Badminton,34,100.0
2026-03-07,14,5,1,3,Volleyball,28,100.0
2026-06-16,21,1,0,6,Basketball,24,100.0
2026-08-18,8,1,0,8,Gym,50,100.0
2026-04-16,12,3,0,4,Tennis,32,100.0
2026-03-22,15,6,1,3,Volleyball,28,100.0
2026-03-24,8,1,0,3,Football,40,80.0
2026-07-06,14,0,0,7,Gym,35,100.0
2026-08-01,19,5,1,8,Volleyball,38,100.0
2026-04-08,20,2,0,4,Cricket,42,100.0
2026-06-09,21,1,0,6,Cricket,17,85.0
2026-03-13,14,4,0,3,Badminton,37,100.0
2026-05-30,13,5,1,5,Cricket,29,100.0
2026-05-06,8,2,0,5,Gym,46,100.0
2026-06-17,9,2,0,6,Basketball,33,100.0
2026-03-12,21,3,0,3,Volleyball,17,85.0
2026-05-03,11,6,1,5,Tennis,36,100.0
2026-08-20,13,3,0,8,Basketball,34,100.0
2026-06-05,17,4,0,6,Badminton,57,100.0
2026-06-26,18,4,0,6,Football,49,98.0
2026-08-11,7,1,0,8,Volleyball,23,100.0
2026-08-27,15,3,0,8,Gym,36,100.0
2026-06-05,18,4,0,6,Volleyball,33,100.0
2026-05-07,19,3,0,5,Badminton,49,100.0
2026-06-24,22,2,0,6,Basketball,19,95.0
2026-03-17,20,1,0,3,Badminton,47,100.0
2026-07-22,16,2,0,7,Badminton,28,93.3
2026-04-06,11,0,0,4,Basketball,26,100.0
2026-05-02,19,5,1,5,Basketball,48,100.0
2026-07-18,10,5,1,7,Badminton,45,100.0
2026-07-25,13,5,1,7,Basketball,46,100.0
2026-06-11,22,3,0,6,Football,31,62.0
2026-03-11,19,2,0,3,Football,49,98.0
2026-06-10,21,2,0,6,Football,34,68.0
2026-07-13,20,0,0,7,Volleyball,39,100.0
2026-03-18,19,2,0,3,Badminton,54,100.0
2026-03-17,8,1,0,3,Basketball,28,100.0
2026-04-24,9,4,0,4,Volleyball,29,100.0
2026-05-03,17,6,1,5,Cricket,57,100.0
2026-08-01,11,5,1,8,Gym,55,100.0
2026-04-22,19,2,0,4,Badminton,48,100.0
2026-04-24,21,4,0,4,Cricket,13,65.0
2026-03-01,16,6,1,3,Football,40,80.0
2026-03-12,14,3,0,3,Basketball,31,100.0
2026-07-09,9,3,0,7,Tennis,32,100.0
2026-08-27,6,3,0,8,Football,27,54.0
2026-05-11,15,0,0,5,Tennis,19,95.0
2026-05-07,9,3,0,5,Volleyball,18,90.0
2026-06-18,16,3,0,6,Cricket,7,35.0
2026-04-19,15,6,1,4,Basketball,32,100.0
2026-07-24,19,4,0,7,Tennis,53,100.0
2026-03-17,21,1,0,3,Gym,38,100.0
2026-07-02,8,3,0,7,Gym,45,100.0
2026-04-02,14,3,0,4,Volleyball,21,100.0
2026-07-25,7,5,1,7,Volleyball,25,100.0
2026-03-01,18,6,1,3,Tennis,68,100.0
2026-07-20,10,0,0,7,Badminton,26,86.7
2026-03-21,20,5,1,3,Basketball,46,100.0
2026-07-11,9,5,1,7,Gym,40,100.0
2026-05-23,11,5,1,5,Tennis,42,100.0
2026-06-05,14,4,0,6,Volleyball,19,95.0
2026-08-05,13,2,0,8,Cricket,22,100.0
2026-06-10,20,2,0,6,Basketball,48,100.0
2026-06-06,15,5,1,6,Cricket,35,100.0
2026-03-24,16,1,0,3,Basketball,26,100.0
2026-05-06,16,2,0,5,Gym,37,100.0
2026-03-13,9,4,0,3,Badminton,41,100.0
2026-04-04,11,5,1,4,Badminton,50,100.0
2026-08-23,21,6,1,8,Basketball,20,100.0
2026-08-26,18,2,0,8,Cricket,30,100.0
2026-05-29,9,4,0,5,Badminton,39,100.0
2026-03-21,19,5,1,3,Cricket,41,100.0
2026-03-16,13,0,0,3,Gym,42,100.0
2026-07-16,18,3,0,7,Football,51,100.0
2026-05-20,13,2,0,5,Tennis,34,100.0
2026-08-13,10,3,0,8,Badminton,30,100.0
2026-07-27,14,0,0,7,Basketball,28,100.0
2026-08-01,7,5,1,8,Tennis,34,100.0
2026-03-02,7,0,0,3,Badminton,41,100.0
2026-08-15,15,5,1,8,Gym,44,100.0
2026-05-16,22,5,1,5,Volleyball,11,55.0
2026-04-15,7,2,0,4,Basketball,33,100.0
2026-06-05,14,4,0,6,Gym,44,100.0
2026-07-21,19,1,0,7,Tennis,47,100.0
2026-06-14,7,6,1,6,Basketball,39,100.0
2026-06-20,14,5,1,6,Football,43,86.0
2026-05-19,16,1,0,5,Tennis,30,100.0
2026-06-02,21,1,0,6,Gym,34,100.0
2026-05-27,6,2,0,5,Volleyball,14,70.0
2026-05-18,16,0,0,5,Football,25,50.0
2026-07-08,6,2,0,7,Tennis,19,95.0
2026-05-02,17,5,1,5,Basketball,67,100.0
2026-06-12,18,4,0,6,Gym,52,100.0
2026-08-10,11,0,0,8,Gym,33,100.0
2026-05-26,15,1,0,5,Badminton,23,76.7
2026-06-10,16,2,0,6,Volleyball,16,80.0
2026-05-28,13,3,0,5,Badminton,28,93.3
2026-08-25,19,1,0,8,Football,58,100.0
2026-04-17,9,4,0,4,Football,34,68.0
2026-05-15,11,4,0,5,Gym,39,100.0
2026-06-24,19,2,0,6,Tennis,51,100.0
2026-08-16,21,6,1,8,Basketball,23,100.0
2026-04-04,16,5,1,4,Volleyball,23,100.0
2026-06-08,6,0,0,6,Badminton,23,76.7
2026-04-15,14,2,0,4,Cricket,14,70.0
2026-03-24,17,1,0,3,Gym,58,100.0
2026-05-04,22,0,0,5,Cricket,13,65.0
2026-03-16,6,0,0,3,Gym,35,100.0
2026-03-04,9,2,0,3,Tennis,36,100.0
2026-07-11,18,5,1,7,Tennis,66,100.0
2026-07-05,10,6,1,7,Football,50,100.0
2026-03-21,11,5,1,3,Volleyball,31,100.0
2026-05-31,20,6,1,5,Gym,50,100.0
2026-05-09,20,5,1,5,Football,56,100.0
2026-06-13,14,5,1,6,Gym,50,100.0
2026-08-11,19,1,0,8,Badminton,47,100.0
2026-03-29,11,6,1,3,Badminton,40,100.0
2026-07-14,14,1,0,7,Football,39,78.0
2026-07-01,16,2,0,7,Football,28,56.0
2026-05-28,18,3,0,5,Gym,62,100.0
2026-07-15,7,2,0,7,Tennis,35,100.0
2026-05-29,11,4,0,5,Basketball,21,100.0
2026-07-10,11,4,0,7,Basketball,19,95.0
2026-04-01,13,2,0,4,Volleyball,18,90.0
2026-05-04,17,0,0,5,Gym,62,100.0
2026-05-08,7,4,0,5,Badminton,42,100.0
2026-06-18,14,3,0,6,Basketball,33,100.0
2026-06-03,15,2,0,6,Cricket,14,70.0
2026-05-26,10,1,0,5,Gym,30,100.0
2026-03-20,9,4,0,3,Football,35,70.0
2026-04-09,20,3,0,4,Basketball,52,100.0
2026-07-16,21,3,0,7,Cricket,16,80.0
2026-03-22,20,6,1,3,Tennis,52,100.0
2026-06-10,12,2,0,6,Football,38,76.0
2026-05-15,11,4,0,5,Tennis,19,95.0
2026-03-08,12,6,1,3,Gym,61,100.0
2026-07-21,18,1,0,7,Cricket,32,100.0
2026-03-19,21,3,0,3,Basketball,28,100.0
2026-03-04,7,2,0,3,Gym,50,100.0
2026-03-18,18,2,0,3,Football,58,100.0
2026-03-11,14,2,0,3,Basketball,34,100.0
2026-08-10,12,0,0,8,Badminton,34,100.0
2026-08-03,13,0,0,8,Basketball,34,100.0
2026-07-18,22,5,1,7,Gym,29,96.7
2026-05-08,13,4,0,5,Basketball,36,100.0
2026-04-28,15,1,0,4,Badminton,22,73.3
2026-08-27,9,3,0,8,Volleyball,18,90.0
2026-06-10,20,2,0,6,Tennis,48,100.0
2026-05-13,22,2,0,5,Badminton,35,100.0
2026-06-17,17,2,0,6,Football,49,98.0
2026-05-05,14,1,0,5,Cricket,18,90.0
2026-05-06,14,2,0,5,Tennis,23,100.0
2026-07-15,12,2,0,7,Gym,41,100.0
2026-06-01,8,0,0,6,Tennis,36,100.0
2026-08-06,12,3,0,8,Tennis,34,100.0
2026-07-20,9,0,0,7,Badminton,42,100.0
2026-08-23,16,6,1,8,Football,47,94.0
2026-07-31,9,4,0,7,Football,40,80.0
2026-06-25,22,3,0,6,Volleyball,17,85.0
2026-05-05,18,1,0,5,Gym,59,100.0
2026-07-24,19,4,0,7,Volleyball,38,100.0
2026-07-10,10,4,0,7,Gym,38,100.0
2026-08-01,7,5,1,8,Basketball,32,100.0
2026-07-02,10,3,0,7,Gym,34,100.0
2026-03-27,14,4,0,3,Gym,40,100.0
2026-08-22,10,5,1,8,Basketball,38,100.0
2026-04-29,7,2,0,4,Gym,38,100.0
2026-08-01,18,5,1,8,Cricket,49,100.0
2026-04-14,14,1,0,4,Football,31,62.0
2026-07-21,13,1,0,7,Volleyball,20,100.0
2026-04-11,22,5,1,4,Football,25,50.0
2026-07-24,9,4,0,7,Football,33,66.0
2026-08-13,21,3,0,8,Badminton,28,93.3
2026-04-10,12,4,0,4,Football,36,72.0
2026-07-10,7,4,0,7,Cricket,26,100.0
2026-07-21,12,1,0,7,Football,30,60.0
2026-04-01,7,2,0,4,Gym,38,100.0
2026-03-04,11,2,0,3,Football,24,48.0
2026-03-01,6,6,1,3,Badminton,33,100.0
2026-07-12,18,6,1,7,Tennis,61,100.0
2026-06-06,9,5,1,6,Badminton,32,100.0
2026-07-09,21,3,0,7,Cricket,13,65.0
2026-04-01,6,2,0,4,Volleyball,8,40.0
2026-05-15,12,4,0,5,Basketball,29,100.0
2026-03-24,15,1,0,3,Badminton,33,100.0
2026-04-30,15,3,0,4,Basketball,27,100.0
2026-05-02,8,5,1,5,Volleyball,25,100.0
2026-03-13,21,4,0,3,Basketball,23,100.0
2026-07-19,10,6,1,7,Football,42,84.0
2026-05-19,19,1,0,5,Gym,59,100.0
2026-05-20,9,2,0,5,Badminton,32,100.0
2026-04-20,6,0,0,4,Tennis,30,100.0
2026-06-12,11,4,0,6,Badminton,27,90.0
2026-05-11,16,0,0,5,Cricket,16,80.0
2026-06-06,20,5,1,6,Gym,51,100.0
2026-05-24,6,6,1,5,Cricket,7,35.0
2026-06-20,19,5,1,6,Cricket,36,100.0
2026-06-17,14,2,0,6,Badminton,29,96.7
2026-03-04,18,2,0,3,Basketball,44,100.0
2026-03-23,8,0,0,3,Cricket,30,100.0
2026-04-27,15,0,0,4,Badminton,34,100.0
2026-06-23,16,1,0,6,Badminton,28,93.3
2026-08-05,14,2,0,8,Gym,42,100.0
2026-06-29,7,0,0,6,Volleyball,26,100.0
2026-03-04,17,2,0,3,Gym,58,100.0
2026-04-19,19,6,1,4,Tennis,48,100.0
2026-04-21,15,1,0,4,Volleyball,9,45.0
2026-06-05,18,4,0,6,Football,51,100.0
2026-08-03,20,0,0,8,Gym,50,100.0
2026-07-14,13,1,0,7,Volleyball,19,95.0
2026-07-21,22,1,0,7,Cricket,16,80.0
2026-03-31,21,1,0,3,Volleyball,17,85.0
2026-08-17,21,0,0,8,Gym,36,100.0
2026-03-19,17,3,0,3,Badminton,50,100.0
2026-07-30,19,3,0,7,Football,50,100.0
2026-06-25,8,3,0,6,Volleyball,24,100.0
2026-06-05,6,4,0,6,Cricket,16,80.0
2026-04-30,10,3,0,4,Badminton,23,76.7
2026-04-03,19,4,0,4,Cricket,42,100.0
2026-05-31,20,6,1,5,Gym,60,100.0
2026-07-12,11,6,1,7,Tennis,32,100.0
2026-05-17,8,6,1,5,Volleyball,30,100.0
2026-03-02,17,0,0,3,Football,46,92.0
2026-06-27,17,5,1,6,Basketball,63,100.0
2026-05-20,9,2,0,5,Tennis,34,100.0
2026-06-25,15,3,0,6,Cricket,8,40.0
2026-08-19,10,2,0,8,Tennis,21,100.0
2026-06-07,11,6,1,6,Gym,43,100.0
2026-03-25,10,2,0,3,Basketball,18,90.0
2026-08-03,18,0,0,8,Football,51,100.0
2026-05-08,11,4,0,5,Football,24,48.0
